﻿"Présences des bénéficiaires de l'offre 19134 dans la semaine n°14."

Jour;Demi-Journée;"Nom Stagiaire";"Prénom Stagiaire";"Numero Bénéficiaire";"Code Présence"
2020-03-30;matin;AMICHI;NABIL;19124666;FAD
2020-03-30;après-midi;AMICHI;NABIL;19124666;FAD
2020-03-31;matin;AMICHI;NABIL;19124666;FAD
2020-03-31;après-midi;AMICHI;NABIL;19124666;FAD
2020-04-01;matin;AMICHI;NABIL;19124666;FAD
2020-04-01;après-midi;AMICHI;NABIL;19124666;FAD
2020-04-02;matin;AMICHI;NABIL;19124666;FAD
2020-04-02;après-midi;AMICHI;NABIL;19124666;FAD
2020-04-03;matin;AMICHI;NABIL;19124666;FAD
2020-03-30;matin;"BEN MARZOUK";YOUSRA;19124625;FAD
2020-03-30;après-midi;"BEN MARZOUK";YOUSRA;19124625;FAD
2020-03-31;matin;"BEN MARZOUK";YOUSRA;19124625;FAD
2020-03-31;après-midi;"BEN MARZOUK";YOUSRA;19124625;FAD
2020-04-01;matin;"BEN MARZOUK";YOUSRA;19124625;FAD
2020-04-01;après-midi;"BEN MARZOUK";YOUSRA;19124625;FAD
2020-04-02;matin;"BEN MARZOUK";YOUSRA;19124625;FAD
2020-04-02;après-midi;"BEN MARZOUK";YOUSRA;19124625;FAD
2020-04-03;matin;"BEN MARZOUK";YOUSRA;19124625;FAD
2020-03-30;matin;COLIN;MATHYS;19125649;FAD
2020-03-30;après-midi;COLIN;MATHYS;19125649;FAD
2020-03-31;matin;COLIN;MATHYS;19125649;FAD
2020-03-31;après-midi;COLIN;MATHYS;19125649;FAD
2020-04-01;matin;COLIN;MATHYS;19125649;FAD
2020-04-01;après-midi;COLIN;MATHYS;19125649;FAD
2020-04-02;matin;COLIN;MATHYS;19125649;FAD
2020-04-02;après-midi;COLIN;MATHYS;19125649;FAD
2020-04-03;matin;COLIN;MATHYS;19125649;FAD
2020-03-30;matin;DELEFORGE;NICOLAS;18056502;FAD
2020-03-30;après-midi;DELEFORGE;NICOLAS;18056502;FAD
2020-03-31;matin;DELEFORGE;NICOLAS;18056502;FAD
2020-03-31;après-midi;DELEFORGE;NICOLAS;18056502;05GE
2020-04-01;matin;DELEFORGE;NICOLAS;18056502;FAD
2020-04-01;après-midi;DELEFORGE;NICOLAS;18056502;05GE
2020-04-02;matin;DELEFORGE;NICOLAS;18056502;FAD
2020-04-02;après-midi;DELEFORGE;NICOLAS;18056502;FAD
2020-03-30;matin;DOMAIN;LOIC;19124694;FAD
2020-03-30;après-midi;DOMAIN;LOIC;19124694;FAD
2020-03-31;matin;DOMAIN;LOIC;19124694;FAD
2020-03-31;après-midi;DOMAIN;LOIC;19124694;FAD
2020-04-01;matin;DOMAIN;LOIC;19124694;FAD
2020-04-01;après-midi;DOMAIN;LOIC;19124694;FAD
2020-04-02;matin;DOMAIN;LOIC;19124694;FAD
2020-04-02;après-midi;DOMAIN;LOIC;19124694;FAD
2020-04-03;matin;DOMAIN;LOIC;19124694;FAD
2020-03-30;matin;FONTAINE;BENJAMIN;19124703;FAD
2020-03-30;après-midi;FONTAINE;BENJAMIN;19124703;FAD
2020-03-31;matin;FONTAINE;BENJAMIN;19124703;FAD
2020-03-31;après-midi;FONTAINE;BENJAMIN;19124703;FAD
2020-04-01;matin;FONTAINE;BENJAMIN;19124703;FAD
2020-04-01;après-midi;FONTAINE;BENJAMIN;19124703;FAD
2020-04-02;matin;FONTAINE;BENJAMIN;19124703;FAD
2020-04-02;après-midi;FONTAINE;BENJAMIN;19124703;FAD
2020-04-03;matin;FONTAINE;BENJAMIN;19124703;FAD
2020-03-30;matin;MAES;JASON;19124617;FAD
2020-03-30;après-midi;MAES;JASON;19124617;FAD
2020-03-31;matin;MAES;JASON;19124617;FAD
2020-03-31;après-midi;MAES;JASON;19124617;FAD
2020-04-01;matin;MAES;JASON;19124617;FAD
2020-04-01;après-midi;MAES;JASON;19124617;FAD
2020-04-02;matin;MAES;JASON;19124617;FAD
2020-04-02;après-midi;MAES;JASON;19124617;FAD
2020-04-03;matin;MAES;JASON;19124617;FAD
2020-03-30;matin;MAQUINGHEN;MEDERIC;19126052;FAD
2020-03-30;après-midi;MAQUINGHEN;MEDERIC;19126052;FAD
2020-03-31;matin;MAQUINGHEN;MEDERIC;19126052;FAD
2020-03-31;après-midi;MAQUINGHEN;MEDERIC;19126052;FAD
2020-04-01;matin;MAQUINGHEN;MEDERIC;19126052;FAD
2020-04-01;après-midi;MAQUINGHEN;MEDERIC;19126052;FAD
2020-04-02;matin;MAQUINGHEN;MEDERIC;19126052;FAD
2020-04-02;après-midi;MAQUINGHEN;MEDERIC;19126052;FAD
2020-04-03;matin;MAQUINGHEN;MEDERIC;19126052;FAD
2020-03-30;matin;MONTIEL;NATHANAEL;19124671;FAD
2020-03-30;après-midi;MONTIEL;NATHANAEL;19124671;FAD
2020-03-31;matin;MONTIEL;NATHANAEL;19124671;FAD
2020-03-31;après-midi;MONTIEL;NATHANAEL;19124671;FAD
2020-04-01;matin;MONTIEL;NATHANAEL;19124671;FAD
2020-04-01;après-midi;MONTIEL;NATHANAEL;19124671;FAD
2020-04-02;matin;MONTIEL;NATHANAEL;19124671;FAD
2020-04-02;après-midi;MONTIEL;NATHANAEL;19124671;FAD
2020-04-03;matin;MONTIEL;NATHANAEL;19124671;FAD
2020-03-30;matin;POSON;ALAN;19124605;FAD
2020-03-30;après-midi;POSON;ALAN;19124605;FAD
2020-03-31;matin;POSON;ALAN;19124605;FAD
2020-03-31;après-midi;POSON;ALAN;19124605;FAD
2020-04-01;matin;POSON;ALAN;19124605;FAD
2020-04-01;après-midi;POSON;ALAN;19124605;FAD
2020-04-02;matin;POSON;ALAN;19124605;FAD
2020-04-02;après-midi;POSON;ALAN;19124605;FAD
2020-04-03;matin;POSON;ALAN;19124605;FAD
2020-03-30;matin;PUHETINI;MAXENCE;19126179;FAD
2020-03-30;après-midi;PUHETINI;MAXENCE;19126179;FAD
2020-03-31;matin;PUHETINI;MAXENCE;19126179;FAD
2020-03-31;après-midi;PUHETINI;MAXENCE;19126179;FAD
2020-04-01;matin;PUHETINI;MAXENCE;19126179;FAD
2020-04-01;après-midi;PUHETINI;MAXENCE;19126179;FAD
2020-04-02;matin;PUHETINI;MAXENCE;19126179;FAD
2020-04-02;après-midi;PUHETINI;MAXENCE;19126179;FAD
2020-04-03;matin;PUHETINI;MAXENCE;19126179;FAD
2020-03-30;matin;SAHIN;VESSILYA;19124701;FAD
2020-03-30;après-midi;SAHIN;VESSILYA;19124701;FAD
2020-03-31;matin;SAHIN;VESSILYA;19124701;FAD
2020-03-31;après-midi;SAHIN;VESSILYA;19124701;FAD
2020-04-01;matin;SAHIN;VESSILYA;19124701;FAD
2020-04-01;après-midi;SAHIN;VESSILYA;19124701;FAD
2020-04-02;matin;SAHIN;VESSILYA;19124701;FAD
2020-04-02;après-midi;SAHIN;VESSILYA;19124701;FAD
2020-04-03;matin;SAHIN;VESSILYA;19124701;FAD
2020-03-30;matin;VERAGHE;ALISON;17068850;FAD
2020-03-30;après-midi;VERAGHE;ALISON;17068850;FAD
2020-03-31;matin;VERAGHE;ALISON;17068850;FAD
2020-03-31;après-midi;VERAGHE;ALISON;17068850;FAD
2020-04-01;matin;VERAGHE;ALISON;17068850;FAD
2020-04-01;après-midi;VERAGHE;ALISON;17068850;FAD
2020-04-02;matin;VERAGHE;ALISON;17068850;FAD
2020-04-02;après-midi;VERAGHE;ALISON;17068850;FAD
2020-04-03;matin;VERAGHE;ALISON;17068850;FAD
2020-03-30;matin;WILLIART;BAPTISTE;19124708;FAD
2020-03-30;après-midi;WILLIART;BAPTISTE;19124708;FAD
2020-03-31;matin;WILLIART;BAPTISTE;19124708;FAD
2020-03-31;après-midi;WILLIART;BAPTISTE;19124708;FAD
2020-04-01;matin;WILLIART;BAPTISTE;19124708;FAD
2020-04-01;après-midi;WILLIART;BAPTISTE;19124708;FAD
2020-04-02;matin;WILLIART;BAPTISTE;19124708;FAD
2020-04-02;après-midi;WILLIART;BAPTISTE;19124708;FAD
2020-04-03;matin;WILLIART;BAPTISTE;19124708;FAD



