
--
-- Base de données :  `pointageafpa`
--
Use PointageAfpa;
--
-- Déchargement des données de la table `formateur`
--

INSERT INTO `formateur` (`idFormateur`, `matricule`, `nom`, `prenom`, `motDePasse`, `role`) VALUES(1, '0803161', 'BAERT', 'STEPHANE', '9a37bc28806cf6983f0d67c99b304835', 0);
INSERT INTO `formateur` (`idFormateur`, `matricule`, `nom`, `prenom`, `motDePasse`, `role`) VALUES(2, '02BX015', 'BALLET', 'STEPHANE', 'b4280d0788d93e9afcafa4ba4d91b508', 0);
INSERT INTO `formateur` (`idFormateur`, `matricule`, `nom`, `prenom`, `motDePasse`, `role`) VALUES(3, '1900858', 'BARBIER', 'STELLA', '90e1c64024726e62cadc387eae23e323', 1);
INSERT INTO `formateur` (`idFormateur`, `matricule`, `nom`, `prenom`, `motDePasse`, `role`) VALUES(4, '1000435', 'BATSIK', 'JEAN-PAUL', '33f0914766dee281786a3f5d76681ba8', 1);
INSERT INTO `formateur` (`idFormateur`, `matricule`, `nom`, `prenom`, `motDePasse`, `role`) VALUES(5, '1903375', 'BOUTEILLER', 'EMMANUEL', '50c479aae615d88286f8f39643952eed', 1);
INSERT INTO `formateur` (`idFormateur`, `matricule`, `nom`, `prenom`, `motDePasse`, `role`) VALUES(6, '0503241', 'BUTTERDROGHE', 'HERVE', 'aa5cc2697961791b176bf7e0ebb78c39', 0);
INSERT INTO `formateur` (`idFormateur`, `matricule`, `nom`, `prenom`, `motDePasse`, `role`) VALUES(7, '0700665', 'DEGROOTE', 'ELODIE', '50321f0ce059958201669d0b4f9a8d4e', 1);
INSERT INTO `formateur` (`idFormateur`, `matricule`, `nom`, `prenom`, `motDePasse`, `role`) VALUES(8, '99AY013', 'DELESCLUSE', 'FREDERIC', '149f18a1bc6a982d81d6e289a18630c6', 2);
INSERT INTO `formateur` (`idFormateur`, `matricule`, `nom`, `prenom`, `motDePasse`, `role`) VALUES(9, '00CN003', 'DELNATTE', 'LAURENT', 'b5330cc5a91f87b9348f0c15527b777b', 0);
INSERT INTO `formateur` (`idFormateur`, `matricule`, `nom`, `prenom`, `motDePasse`, `role`) VALUES(10, '1301971', 'DEREBREU', 'AMELIE', 'ca1fa5a2a24f52cc01ab7800b3ea7fa3', 1);
INSERT INTO `formateur` (`idFormateur`, `matricule`, `nom`, `prenom`, `motDePasse`, `role`) VALUES(11, '1800315', 'DEWET', 'VIRGINIE', '2ab112884408f9a21637fd30d6433e8f', 1);
INSERT INTO `formateur` (`idFormateur`, `matricule`, `nom`, `prenom`, `motDePasse`, `role`) VALUES(12, '0502772', 'DISTANTI', 'ANNE', '75260c375b11b57645ce2c50c90a03bb', 2);
INSERT INTO `formateur` (`idFormateur`, `matricule`, `nom`, `prenom`, `motDePasse`, `role`) VALUES(13, '1900865', 'DUBOIS', 'THOMAS', '6eae1436b87815bc72d92316cc8cdcfa', 1);
INSERT INTO `formateur` (`idFormateur`, `matricule`, `nom`, `prenom`, `motDePasse`, `role`) VALUES(14, '98CD008', 'DUCHESNE', 'OLIVIER', '57028232d6e80c1da4f6c8b10184f7c4', 0);
INSERT INTO `formateur` (`idFormateur`, `matricule`, `nom`, `prenom`, `motDePasse`, `role`) VALUES(15, '95BX011', 'FERAND', 'FRANCK', '6f5e809627142125ebfda5ded738e37b', 0);
INSERT INTO `formateur` (`idFormateur`, `matricule`, `nom`, `prenom`, `motDePasse`, `role`) VALUES(16, '1700978', 'FICQUET', 'CHRISTOPHE', '33cf0ee4a1c62f45f84e27727fe7caa9', 1);
INSERT INTO `formateur` (`idFormateur`, `matricule`, `nom`, `prenom`, `motDePasse`, `role`) VALUES(17, '0603230', 'FONTOWICZ', 'FREDERIC', 'bac9064fff6d89918bf360b937d5a82c', 0);
INSERT INTO `formateur` (`idFormateur`, `matricule`, `nom`, `prenom`, `motDePasse`, `role`) VALUES(18, '1802963', 'FOURNET', 'HELENE', '14277f05cdc2acbd418264cf9df103e6', 0);
INSERT INTO `formateur` (`idFormateur`, `matricule`, `nom`, `prenom`, `motDePasse`, `role`) VALUES(19, '0902067', 'GHARBI', 'KARIM', '5c8efc1e3ffcfec12290baf4a458a206', 1);
INSERT INTO `formateur` (`idFormateur`, `matricule`, `nom`, `prenom`, `motDePasse`, `role`) VALUES(20, '94A0021', 'HAVARD', 'FRANCIS', 'a6eea5f1a60b1059f31319aa1020a2e5', 0);
INSERT INTO `formateur` (`idFormateur`, `matricule`, `nom`, `prenom`, `motDePasse`, `role`) VALUES(21, '0801355', 'KOWALEWSKI', 'CEDRIC', 'e391cfeb55d8366a431e6e4289eaee61', 1);
INSERT INTO `formateur` (`idFormateur`, `matricule`, `nom`, `prenom`, `motDePasse`, `role`) VALUES(22, '1403021', 'KUNZ', 'JEAN-LUC', '3762e2c3dbadf94659d4be1b40b57ea6', 1);
INSERT INTO `formateur` (`idFormateur`, `matricule`, `nom`, `prenom`, `motDePasse`, `role`) VALUES(23, '0600941', 'LAFORCE', 'ALBERT', 'ea4e1268b910cbda31e9c2949d3401dc', 0);
INSERT INTO `formateur` (`idFormateur`, `matricule`, `nom`, `prenom`, `motDePasse`, `role`) VALUES(24, '0700366', 'LOGEZ', 'CAROLE', 'b6194be0ce6133c98ea98cfa6c6d77b5', 0);
INSERT INTO `formateur` (`idFormateur`, `matricule`, `nom`, `prenom`, `motDePasse`, `role`) VALUES(25, '190001', 'MAHIEUX', 'PASCAL', '22be415519dbfc7782fb9494c26e76a8', 0);
INSERT INTO `formateur` (`idFormateur`, `matricule`, `nom`, `prenom`, `motDePasse`, `role`) VALUES(26, '89CN003', 'MARECHAL', 'MARYLINE', '2daaacbf70d802747d01e491e0b5b797', 2);
INSERT INTO `formateur` (`idFormateur`, `matricule`, `nom`, `prenom`, `motDePasse`, `role`) VALUES(27, '1301180', 'MARTEL', 'MICHEL', 'f3326b04a761e8b60559fbab9451e5ae', 0);
INSERT INTO `formateur` (`idFormateur`, `matricule`, `nom`, `prenom`, `motDePasse`, `role`) VALUES(28, '1701467', 'MELSEN', 'MARYLINE', '199b6b97dae155cf530477b4953373a1', 1);
INSERT INTO `formateur` (`idFormateur`, `matricule`, `nom`, `prenom`, `motDePasse`, `role`) VALUES(29, '1701871', 'POIX', 'MARTINE', 'b52fbfc80a2920d525db02450b3efbf1', 1);
INSERT INTO `formateur` (`idFormateur`, `matricule`, `nom`, `prenom`, `motDePasse`, `role`) VALUES(30, '03CF044', 'REYMBAUT', 'MARIE-HELENE', '16e58f21a2da86dc2e160273717e020c', 0);
INSERT INTO `formateur` (`idFormateur`, `matricule`, `nom`, `prenom`, `motDePasse`, `role`) VALUES(31, '91CN005', 'SCHMIDLIN', 'ROSE-MARIE', '4f0e103d047ee0d2d3adf8df1e6e9f57', 2);
INSERT INTO `formateur` (`idFormateur`, `matricule`, `nom`, `prenom`, `motDePasse`, `role`) VALUES(32, '1200591', 'SEURIOT', 'ANDRE', '126344702d65b05e09a969e45009b56e', 0);
INSERT INTO `formateur` (`idFormateur`, `matricule`, `nom`, `prenom`, `motDePasse`, `role`) VALUES(33, '1703666', 'SINNAEVE', 'ARNAUD', '491c046a0fc70f319804ea926ca51746', 1);
INSERT INTO `formateur` (`idFormateur`, `matricule`, `nom`, `prenom`, `motDePasse`, `role`) VALUES(34, '95BX019', 'STERCKEMAN', 'ALBERT', '54161395018507e45c6e71cc9a68bb97', 1);
INSERT INTO `formateur` (`idFormateur`, `matricule`, `nom`, `prenom`, `motDePasse`, `role`) VALUES(35, '01BX008', 'TAILAME', 'PIERRE', '9eeba07c3744e03aff6fbbf9e09a3ae3', 0);
INSERT INTO `formateur` (`idFormateur`, `matricule`, `nom`, `prenom`, `motDePasse`, `role`) VALUES(36, '1103706', 'TRINQUET', 'LUC', 'fb28a62172e0b9e777627c0836e23ced', 1);
INSERT INTO `formateur` (`idFormateur`, `matricule`, `nom`, `prenom`, `motDePasse`, `role`) VALUES(37, '88CN001', 'VASSEUR', 'LEON', '9374908c8df39bc52184503169c1d4c5', 1);
INSERT INTO `formateur` (`idFormateur`, `matricule`, `nom`, `prenom`, `motDePasse`, `role`) VALUES(38, '601295', 'VERRAES', 'DELPHINE', '5ed225cfa6d35f498806a98e31ce7e51', 2);
INSERT INTO `formateur` (`idFormateur`, `matricule`, `nom`, `prenom`, `motDePasse`, `role`) VALUES(39, '1200897', 'VITSE', 'XAVIER', '6e65635318e5d67848caeb643db6736c', 1);
INSERT INTO `formateur` (`idFormateur`, `matricule`, `nom`, `prenom`, `motDePasse`, `role`) VALUES(40, '83CN008', 'WALLOT', 'PASCALE', '7f457efaf2c7a95b048dc66dc75c2ae2', 2);
INSERT INTO `formateur` (`idFormateur`, `matricule`, `nom`, `prenom`, `motDePasse`, `role`) VALUES(41, 'XXXX', 'FOURMAUX', 'ALAIN', 'ad347226dcc1d205f58e693925c28783', 1);

--
-- Déchargement des données de la table `formation`
--

INSERT INTO `formation` (`idFormation`, `codeFormation`, `libelleFormation`) VALUES(1, 'DWWM', 'Developpement Web et Web Mobile');
INSERT INTO `formation` (`idFormation`, `codeFormation`, `libelleFormation`) VALUES(2, 'ARH', 'Assistant Ressource Humaine');
INSERT INTO `formation` (`idFormation`, `codeFormation`, `libelleFormation`) VALUES(3, 'GCF', 'GESTIONNAIRE COMPTABLE ET FISCAL');
INSERT INTO `formation` (`idFormation`, `codeFormation`, `libelleFormation`) VALUES(4, 'TSAII', 'Technicien Supérieur en Automatisme et Informatique Industriel');
INSERT INTO `formation` (`idFormation`, `codeFormation`, `libelleFormation`) VALUES(5, 'TSSR', 'TSSR');
INSERT INTO `formation` (`idFormation`, `codeFormation`, `libelleFormation`) VALUES(6, 'TRTE', 'Technicien Réseau et Telecommunication Entreprise');
INSERT INTO `formation` (`idFormation`, `codeFormation`, `libelleFormation`) VALUES(7, 'TAI', 'Technicien Assistance Informatique');
INSERT INTO `formation` (`idFormation`, `codeFormation`, `libelleFormation`) VALUES(8, 'SOUD', 'Soudeur');
INSERT INTO `formation` (`idFormation`, `codeFormation`, `libelleFormation`) VALUES(9, 'EMI', 'Electricien Maintenance Industriel');
INSERT INTO `formation` (`idFormation`, `codeFormation`, `libelleFormation`) VALUES(10, 'EIMSA', 'EIMSA');
INSERT INTO `formation` (`idFormation`, `codeFormation`, `libelleFormation`) VALUES(11, 'TMI', 'Technicien en Maintenance Industriel');
INSERT INTO `formation` (`idFormation`, `codeFormation`, `libelleFormation`) VALUES(12, 'CIMA', 'CIMA');
INSERT INTO `formation` (`idFormation`, `codeFormation`, `libelleFormation`) VALUES(13, 'GDP', 'GESTIONNAIRE DE PAIE');
INSERT INTO `formation` (`idFormation`, `codeFormation`, `libelleFormation`) VALUES(14, 'ADVF', 'Assistant de vie aux Familles');
INSERT INTO `formation` (`idFormation`, `codeFormation`, `libelleFormation`) VALUES(15, 'AEB', '');
INSERT INTO `formation` (`idFormation`, `codeFormation`, `libelleFormation`) VALUES(16, 'APH', '');
INSERT INTO `formation` (`idFormation`, `codeFormation`, `libelleFormation`) VALUES(17, 'CQPM', '');
INSERT INTO `formation` (`idFormation`, `codeFormation`, `libelleFormation`) VALUES(18, 'DVE', '');
INSERT INTO `formation` (`idFormation`, `codeFormation`, `libelleFormation`) VALUES(19, 'ITS', '');
INSERT INTO `formation` (`idFormation`, `codeFormation`, `libelleFormation`) VALUES(20, 'MPI', '');
INSERT INTO `formation` (`idFormation`, `codeFormation`, `libelleFormation`) VALUES(21, 'VCM', 'Vendeur Conseil en Magasin');

--
-- Déchargement des données de la table `journee`
--

INSERT INTO `journee` (`idJournee`, `jour`, `demiJournee`, `idSemaine`) VALUES(1, '2020-3-30', 'matin', 1);
INSERT INTO `journee` (`idJournee`, `jour`, `demiJournee`, `idSemaine`) VALUES(2, '2020-3-30', 'après-midi', 1);
INSERT INTO `journee` (`idJournee`, `jour`, `demiJournee`, `idSemaine`) VALUES(3, '2020-3-31', 'matin', 1);
INSERT INTO `journee` (`idJournee`, `jour`, `demiJournee`, `idSemaine`) VALUES(4, '2020-3-31', 'après-midi', 1);
INSERT INTO `journee` (`idJournee`, `jour`, `demiJournee`, `idSemaine`) VALUES(5, '2020-4-1', 'matin', 1);
INSERT INTO `journee` (`idJournee`, `jour`, `demiJournee`, `idSemaine`) VALUES(6, '2020-4-1', 'après-midi', 1);
INSERT INTO `journee` (`idJournee`, `jour`, `demiJournee`, `idSemaine`) VALUES(7, '2020-4-2', 'matin', 1);
INSERT INTO `journee` (`idJournee`, `jour`, `demiJournee`, `idSemaine`) VALUES(8, '2020-4-2', 'après-midi', 1);
INSERT INTO `journee` (`idJournee`, `jour`, `demiJournee`, `idSemaine`) VALUES(9, '2020-4-3', 'matin', 1);
INSERT INTO `journee` (`idJournee`, `jour`, `demiJournee`, `idSemaine`) VALUES(10, '2020-4-6', 'matin', 2);
INSERT INTO `journee` (`idJournee`, `jour`, `demiJournee`, `idSemaine`) VALUES(11, '2020-4-6', 'après-midi', 2);
INSERT INTO `journee` (`idJournee`, `jour`, `demiJournee`, `idSemaine`) VALUES(12, '2020-4-7', 'matin', 2);
INSERT INTO `journee` (`idJournee`, `jour`, `demiJournee`, `idSemaine`) VALUES(13, '2020-4-7', 'après-midi', 2);
INSERT INTO `journee` (`idJournee`, `jour`, `demiJournee`, `idSemaine`) VALUES(14, '2020-4-8', 'matin', 2);
INSERT INTO `journee` (`idJournee`, `jour`, `demiJournee`, `idSemaine`) VALUES(15, '2020-4-8', 'après-midi', 2);
INSERT INTO `journee` (`idJournee`, `jour`, `demiJournee`, `idSemaine`) VALUES(16, '2020-4-9', 'matin', 2);
INSERT INTO `journee` (`idJournee`, `jour`, `demiJournee`, `idSemaine`) VALUES(17, '2020-4-9', 'après-midi', 2);
INSERT INTO `journee` (`idJournee`, `jour`, `demiJournee`, `idSemaine`) VALUES(18, '2020-4-10', 'matin', 2);
INSERT INTO `journee` (`idJournee`, `jour`, `demiJournee`, `idSemaine`) VALUES(19, '2020-4-13', 'matin', 3);
INSERT INTO `journee` (`idJournee`, `jour`, `demiJournee`, `idSemaine`) VALUES(20, '2020-4-13', 'après-midi', 3);
INSERT INTO `journee` (`idJournee`, `jour`, `demiJournee`, `idSemaine`) VALUES(21, '2020-4-14', 'matin', 3);
INSERT INTO `journee` (`idJournee`, `jour`, `demiJournee`, `idSemaine`) VALUES(22, '2020-4-14', 'après-midi', 3);
INSERT INTO `journee` (`idJournee`, `jour`, `demiJournee`, `idSemaine`) VALUES(23, '2020-4-15', 'matin', 3);
INSERT INTO `journee` (`idJournee`, `jour`, `demiJournee`, `idSemaine`) VALUES(24, '2020-4-15', 'après-midi', 3);
INSERT INTO `journee` (`idJournee`, `jour`, `demiJournee`, `idSemaine`) VALUES(25, '2020-4-16', 'matin', 3);
INSERT INTO `journee` (`idJournee`, `jour`, `demiJournee`, `idSemaine`) VALUES(26, '2020-4-16', 'après-midi', 3);
INSERT INTO `journee` (`idJournee`, `jour`, `demiJournee`, `idSemaine`) VALUES(27, '2020-4-17', 'matin', 3);
INSERT INTO `journee` (`idJournee`, `jour`, `demiJournee`, `idSemaine`) VALUES(28, '2020-4-20', 'matin', 4);
INSERT INTO `journee` (`idJournee`, `jour`, `demiJournee`, `idSemaine`) VALUES(29, '2020-4-20', 'après-midi', 4);
INSERT INTO `journee` (`idJournee`, `jour`, `demiJournee`, `idSemaine`) VALUES(30, '2020-4-21', 'matin', 4);
INSERT INTO `journee` (`idJournee`, `jour`, `demiJournee`, `idSemaine`) VALUES(31, '2020-4-21', 'après-midi', 4);
INSERT INTO `journee` (`idJournee`, `jour`, `demiJournee`, `idSemaine`) VALUES(32, '2020-4-22', 'matin', 4);
INSERT INTO `journee` (`idJournee`, `jour`, `demiJournee`, `idSemaine`) VALUES(33, '2020-4-22', 'après-midi', 4);
INSERT INTO `journee` (`idJournee`, `jour`, `demiJournee`, `idSemaine`) VALUES(34, '2020-4-23', 'matin', 4);
INSERT INTO `journee` (`idJournee`, `jour`, `demiJournee`, `idSemaine`) VALUES(35, '2020-4-23', 'après-midi', 4);
INSERT INTO `journee` (`idJournee`, `jour`, `demiJournee`, `idSemaine`) VALUES(36, '2020-4-24', 'matin', 4);
INSERT INTO `journee` (`idJournee`, `jour`, `demiJournee`, `idSemaine`) VALUES(37, '2020-4-27', 'matin', 5);
INSERT INTO `journee` (`idJournee`, `jour`, `demiJournee`, `idSemaine`) VALUES(38, '2020-4-27', 'après-midi', 5);
INSERT INTO `journee` (`idJournee`, `jour`, `demiJournee`, `idSemaine`) VALUES(39, '2020-4-28', 'matin', 5);
INSERT INTO `journee` (`idJournee`, `jour`, `demiJournee`, `idSemaine`) VALUES(40, '2020-4-28', 'après-midi', 5);
INSERT INTO `journee` (`idJournee`, `jour`, `demiJournee`, `idSemaine`) VALUES(41, '2020-4-29', 'matin', 5);
INSERT INTO `journee` (`idJournee`, `jour`, `demiJournee`, `idSemaine`) VALUES(42, '2020-4-29', 'après-midi', 5);
INSERT INTO `journee` (`idJournee`, `jour`, `demiJournee`, `idSemaine`) VALUES(43, '2020-4-30', 'matin', 5);
INSERT INTO `journee` (`idJournee`, `jour`, `demiJournee`, `idSemaine`) VALUES(44, '2020-4-30', 'après-midi', 5);
INSERT INTO `journee` (`idJournee`, `jour`, `demiJournee`, `idSemaine`) VALUES(45, '2020-5-1', 'matin', 5);
INSERT INTO `journee` (`idJournee`, `jour`, `demiJournee`, `idSemaine`) VALUES(46, '2020-5-4', 'matin', 6);
INSERT INTO `journee` (`idJournee`, `jour`, `demiJournee`, `idSemaine`) VALUES(47, '2020-5-4', 'après-midi', 6);
INSERT INTO `journee` (`idJournee`, `jour`, `demiJournee`, `idSemaine`) VALUES(48, '2020-5-5', 'matin', 6);
INSERT INTO `journee` (`idJournee`, `jour`, `demiJournee`, `idSemaine`) VALUES(49, '2020-5-5', 'après-midi', 6);
INSERT INTO `journee` (`idJournee`, `jour`, `demiJournee`, `idSemaine`) VALUES(50, '2020-5-6', 'matin', 6);
INSERT INTO `journee` (`idJournee`, `jour`, `demiJournee`, `idSemaine`) VALUES(51, '2020-5-6', 'après-midi', 6);
INSERT INTO `journee` (`idJournee`, `jour`, `demiJournee`, `idSemaine`) VALUES(52, '2020-5-7', 'matin', 6);
INSERT INTO `journee` (`idJournee`, `jour`, `demiJournee`, `idSemaine`) VALUES(53, '2020-5-7', 'après-midi', 6);
INSERT INTO `journee` (`idJournee`, `jour`, `demiJournee`, `idSemaine`) VALUES(54, '2020-5-8', 'matin', 6);
INSERT INTO `journee` (`idJournee`, `jour`, `demiJournee`, `idSemaine`) VALUES(55, '2020-5-11', 'matin', 7);
INSERT INTO `journee` (`idJournee`, `jour`, `demiJournee`, `idSemaine`) VALUES(56, '2020-5-11', 'après-midi', 7);
INSERT INTO `journee` (`idJournee`, `jour`, `demiJournee`, `idSemaine`) VALUES(57, '2020-5-12', 'matin', 7);
INSERT INTO `journee` (`idJournee`, `jour`, `demiJournee`, `idSemaine`) VALUES(58, '2020-5-12', 'après-midi', 7);
INSERT INTO `journee` (`idJournee`, `jour`, `demiJournee`, `idSemaine`) VALUES(59, '2020-5-13', 'matin', 7);
INSERT INTO `journee` (`idJournee`, `jour`, `demiJournee`, `idSemaine`) VALUES(60, '2020-5-13', 'après-midi', 7);
INSERT INTO `journee` (`idJournee`, `jour`, `demiJournee`, `idSemaine`) VALUES(61, '2020-5-14', 'matin', 7);
INSERT INTO `journee` (`idJournee`, `jour`, `demiJournee`, `idSemaine`) VALUES(62, '2020-5-14', 'après-midi', 7);
INSERT INTO `journee` (`idJournee`, `jour`, `demiJournee`, `idSemaine`) VALUES(63, '2020-5-15', 'matin', 7);
INSERT INTO `journee` (`idJournee`, `jour`, `demiJournee`, `idSemaine`) VALUES(64, '2020-5-18', 'matin', 8);
INSERT INTO `journee` (`idJournee`, `jour`, `demiJournee`, `idSemaine`) VALUES(65, '2020-5-18', 'après-midi', 8);
INSERT INTO `journee` (`idJournee`, `jour`, `demiJournee`, `idSemaine`) VALUES(66, '2020-5-19', 'matin', 8);
INSERT INTO `journee` (`idJournee`, `jour`, `demiJournee`, `idSemaine`) VALUES(67, '2020-5-19', 'après-midi', 8);
INSERT INTO `journee` (`idJournee`, `jour`, `demiJournee`, `idSemaine`) VALUES(68, '2020-5-20', 'matin', 8);
INSERT INTO `journee` (`idJournee`, `jour`, `demiJournee`, `idSemaine`) VALUES(69, '2020-5-20', 'après-midi', 8);
INSERT INTO `journee` (`idJournee`, `jour`, `demiJournee`, `idSemaine`) VALUES(70, '2020-5-21', 'matin', 8);
INSERT INTO `journee` (`idJournee`, `jour`, `demiJournee`, `idSemaine`) VALUES(71, '2020-5-21', 'après-midi', 8);
INSERT INTO `journee` (`idJournee`, `jour`, `demiJournee`, `idSemaine`) VALUES(72, '2020-5-22', 'matin', 8);
INSERT INTO `journee` (`idJournee`, `jour`, `demiJournee`, `idSemaine`) VALUES(73, '2020-5-25', 'matin', 9);
INSERT INTO `journee` (`idJournee`, `jour`, `demiJournee`, `idSemaine`) VALUES(74, '2020-5-25', 'après-midi', 9);
INSERT INTO `journee` (`idJournee`, `jour`, `demiJournee`, `idSemaine`) VALUES(75, '2020-5-26', 'matin', 9);
INSERT INTO `journee` (`idJournee`, `jour`, `demiJournee`, `idSemaine`) VALUES(76, '2020-5-26', 'après-midi', 9);
INSERT INTO `journee` (`idJournee`, `jour`, `demiJournee`, `idSemaine`) VALUES(77, '2020-5-27', 'matin', 9);
INSERT INTO `journee` (`idJournee`, `jour`, `demiJournee`, `idSemaine`) VALUES(78, '2020-5-27', 'après-midi', 9);
INSERT INTO `journee` (`idJournee`, `jour`, `demiJournee`, `idSemaine`) VALUES(79, '2020-5-28', 'matin', 9);
INSERT INTO `journee` (`idJournee`, `jour`, `demiJournee`, `idSemaine`) VALUES(80, '2020-5-28', 'après-midi', 9);
INSERT INTO `journee` (`idJournee`, `jour`, `demiJournee`, `idSemaine`) VALUES(81, '2020-5-29', 'matin', 9);
INSERT INTO `journee` (`idJournee`, `jour`, `demiJournee`, `idSemaine`) VALUES(82, '2020-6-1', 'matin', 10);
INSERT INTO `journee` (`idJournee`, `jour`, `demiJournee`, `idSemaine`) VALUES(83, '2020-6-1', 'après-midi', 10);
INSERT INTO `journee` (`idJournee`, `jour`, `demiJournee`, `idSemaine`) VALUES(84, '2020-6-2', 'matin', 10);
INSERT INTO `journee` (`idJournee`, `jour`, `demiJournee`, `idSemaine`) VALUES(85, '2020-6-2', 'après-midi', 10);
INSERT INTO `journee` (`idJournee`, `jour`, `demiJournee`, `idSemaine`) VALUES(86, '2020-6-3', 'matin', 10);
INSERT INTO `journee` (`idJournee`, `jour`, `demiJournee`, `idSemaine`) VALUES(87, '2020-6-3', 'après-midi', 10);
INSERT INTO `journee` (`idJournee`, `jour`, `demiJournee`, `idSemaine`) VALUES(88, '2020-6-4', 'matin', 10);
INSERT INTO `journee` (`idJournee`, `jour`, `demiJournee`, `idSemaine`) VALUES(89, '2020-6-4', 'après-midi', 10);
INSERT INTO `journee` (`idJournee`, `jour`, `demiJournee`, `idSemaine`) VALUES(90, '2020-6-5', 'matin', 10);
INSERT INTO `journee` (`idJournee`, `jour`, `demiJournee`, `idSemaine`) VALUES(91, '2020-6-8', 'matin', 11);
INSERT INTO `journee` (`idJournee`, `jour`, `demiJournee`, `idSemaine`) VALUES(92, '2020-6-8', 'après-midi', 11);
INSERT INTO `journee` (`idJournee`, `jour`, `demiJournee`, `idSemaine`) VALUES(93, '2020-6-9', 'matin', 11);
INSERT INTO `journee` (`idJournee`, `jour`, `demiJournee`, `idSemaine`) VALUES(94, '2020-6-9', 'après-midi', 11);

--
-- Déchargement des données de la table `offre`
--

INSERT INTO `offre` (`idOffre`, `idFormation`, `idFormateur`, `numOffre`) VALUES(1, 7, 13, '19149');
INSERT INTO `offre` (`idOffre`, `idFormation`, `idFormateur`, `numOffre`) VALUES(2, 4, 37, '18166');
INSERT INTO `offre` (`idOffre`, `idFormation`, `idFormateur`, `numOffre`) VALUES(3, 12, 16, '19022');
INSERT INTO `offre` (`idOffre`, `idFormation`, `idFormateur`, `numOffre`) VALUES(4, 6, 34, '19028');
INSERT INTO `offre` (`idOffre`, `idFormation`, `idFormateur`, `numOffre`) VALUES(5, 14, 7, '19036');
INSERT INTO `offre` (`idOffre`, `idFormation`, `idFormateur`, `numOffre`) VALUES(6, 18, 3, '19051');
INSERT INTO `offre` (`idOffre`, `idFormation`, `idFormateur`, `numOffre`) VALUES(7, 9, 22, '19129');
INSERT INTO `offre` (`idOffre`, `idFormation`, `idFormateur`, `numOffre`) VALUES(8, 15, 36, '19132');
INSERT INTO `offre` (`idOffre`, `idFormation`, `idFormateur`, `numOffre`) VALUES(9, 19, 39, '19133');
INSERT INTO `offre` (`idOffre`, `idFormation`, `idFormateur`, `numOffre`) VALUES(10, 1, 29, '19134');
INSERT INTO `offre` (`idOffre`, `idFormation`, `idFormateur`, `numOffre`) VALUES(11, 5, 4, '19135');
INSERT INTO `offre` (`idOffre`, `idFormation`, `idFormateur`, `numOffre`) VALUES(12, 2, 5, '19137');
INSERT INTO `offre` (`idOffre`, `idFormation`, `idFormateur`, `numOffre`) VALUES(13, 20, 33, '19138');
INSERT INTO `offre` (`idOffre`, `idFormation`, `idFormateur`, `numOffre`) VALUES(14, 8, 19, '19140');
INSERT INTO `offre` (`idOffre`, `idFormation`, `idFormateur`, `numOffre`) VALUES(15, 13, 28, '19141');
INSERT INTO `offre` (`idOffre`, `idFormation`, `idFormateur`, `numOffre`) VALUES(16, 21, 10, '19143');
INSERT INTO `offre` (`idOffre`, `idFormation`, `idFormateur`, `numOffre`) VALUES(17, 14, 11, '19144');
INSERT INTO `offre` (`idOffre`, `idFormation`, `idFormateur`, `numOffre`) VALUES(18, 7, 13, '19149');
INSERT INTO `offre` (`idOffre`, `idFormation`, `idFormateur`, `numOffre`) VALUES(19, 6, 34, '19181');
INSERT INTO `offre` (`idOffre`, `idFormation`, `idFormateur`, `numOffre`) VALUES(20, 15, 36, '19191');
INSERT INTO `offre` (`idOffre`, `idFormation`, `idFormateur`, `numOffre`) VALUES(21, 15, 36, '19202');
INSERT INTO `offre` (`idOffre`, `idFormation`, `idFormateur`, `numOffre`) VALUES(22, 15, 36, '19204');
INSERT INTO `offre` (`idOffre`, `idFormation`, `idFormateur`, `numOffre`) VALUES(23, 17, 41, '19205');
INSERT INTO `offre` (`idOffre`, `idFormation`, `idFormateur`, `numOffre`) VALUES(24, 15, 36, '19220');
INSERT INTO `offre` (`idOffre`, `idFormation`, `idFormateur`, `numOffre`) VALUES(25, 18, 3, '20001');
INSERT INTO `offre` (`idOffre`, `idFormation`, `idFormateur`, `numOffre`) VALUES(26, 11, 22, '20004');
INSERT INTO `offre` (`idOffre`, `idFormation`, `idFormateur`, `numOffre`) VALUES(27, 16, 21, '20034');
INSERT INTO `offre` (`idOffre`, `idFormation`, `idFormateur`, `numOffre`) VALUES(28, 16, 21, '20045');

--
-- Déchargement des données de la table `presence`
--

INSERT INTO `presence` (`idPresence`, `refPresence`, `libellePresence`) VALUES(1, 'FAD', 'Formation à distance');
INSERT INTO `presence` (`idPresence`, `refPresence`, `libellePresence`) VALUES(2, '97', 'Stagiaire dans l’impossibilité de suivre la formation à distance ');
INSERT INTO `presence` (`idPresence`, `refPresence`, `libellePresence`) VALUES(3, '99', 'Stagiaire qui ne se manifeste pas ');
INSERT INTO `presence` (`idPresence`, `refPresence`, `libellePresence`) VALUES(4, '05GE', 'Stagiaire  en garde d’enfant ');
INSERT INTO `presence` (`idPresence`, `refPresence`, `libellePresence`) VALUES(5, '05M', 'Stagiaire malade');

--
-- Déchargement des données de la table `semaine`
--

INSERT INTO `semaine` (`idSemaine`, `numSemaine`, `mois`) VALUES(1, 14, 'avril-20');
INSERT INTO `semaine` (`idSemaine`, `numSemaine`, `mois`) VALUES(2, 15, 'avril-20');
INSERT INTO `semaine` (`idSemaine`, `numSemaine`, `mois`) VALUES(3, 16, 'avril-20');
INSERT INTO `semaine` (`idSemaine`, `numSemaine`, `mois`) VALUES(4, 17, 'avril-20');
INSERT INTO `semaine` (`idSemaine`, `numSemaine`, `mois`) VALUES(5, 18, 'avril-20');
INSERT INTO `semaine` (`idSemaine`, `numSemaine`, `mois`) VALUES(6, 19, 'mai-20');
INSERT INTO `semaine` (`idSemaine`, `numSemaine`, `mois`) VALUES(7, 20, 'mai-20');
INSERT INTO `semaine` (`idSemaine`, `numSemaine`, `mois`) VALUES(8, 21, 'mai-20');
INSERT INTO `semaine` (`idSemaine`, `numSemaine`, `mois`) VALUES(9, 22, 'mai-20');
INSERT INTO `semaine` (`idSemaine`, `numSemaine`, `mois`) VALUES(10, 23, 'juin-20');
INSERT INTO `semaine` (`idSemaine`, `numSemaine`, `mois`) VALUES(11, 24, 'juin-20');
INSERT INTO `semaine` (`idSemaine`, `numSemaine`, `mois`) VALUES(12, 25, 'juin-20');
INSERT INTO `semaine` (`idSemaine`, `numSemaine`, `mois`) VALUES(13, 26, 'juin-20');
INSERT INTO `semaine` (`idSemaine`, `numSemaine`, `mois`) VALUES(14, 27, 'juillet-20');
INSERT INTO `semaine` (`idSemaine`, `numSemaine`, `mois`) VALUES(15, 28, 'juillet-20');
INSERT INTO `semaine` (`idSemaine`, `numSemaine`, `mois`) VALUES(16, 29, 'juillet-20');
INSERT INTO `semaine` (`idSemaine`, `numSemaine`, `mois`) VALUES(17, 30, 'juillet-20');
INSERT INTO `semaine` (`idSemaine`, `numSemaine`, `mois`) VALUES(18, 31, 'juillet-20');

--
-- Déchargement des données de la table `stagiaire`
--
insert into stagiaire (numBenef,Nom,Prenom,idOffre,motDePasse,role) values('19073367','DE MOURA','PAUL','2',md5('19073367'),1);
insert into stagiaire (numBenef,Nom,Prenom,idOffre,motDePasse,role) values('19059063','DE NY','ARTHUR','2',md5('19059063'),1);
insert into stagiaire (numBenef,Nom,Prenom,idOffre,motDePasse,role) values('19059068','DESTOMBES','FLORIAN','2',md5('19059068'),1);
insert into stagiaire (numBenef,Nom,Prenom,idOffre,motDePasse,role) values('19059061','GROUST','NICOLAS','2',md5('19059061'),1);
insert into stagiaire (numBenef,Nom,Prenom,idOffre,motDePasse,role) values('19059054','MAIK','JULIEN','2',md5('19059054'),1);
insert into stagiaire (numBenef,Nom,Prenom,idOffre,motDePasse,role) values('19059057','RAOULT','DAMIEN','2',md5('19059057'),1);
insert into stagiaire (numBenef,Nom,Prenom,idOffre,motDePasse,role) values('19059070','RODRIGUES','GUILLAUME','2',md5('19059070'),1);
insert into stagiaire (numBenef,Nom,Prenom,idOffre,motDePasse,role) values('19001130','SARGSYAN','SUREN','2',md5('19001130'),1);
insert into stagiaire (numBenef,Nom,Prenom,idOffre,motDePasse,role) values('19055674','ISSENGUEL','DOMINGOS','2',md5('19055674'),1);
insert into stagiaire (numBenef,Nom,Prenom,idOffre,motDePasse,role) values('18131623','OBA ZANGA','OBERLIN','2',md5('18131623'),1);
insert into stagiaire (numBenef,Nom,Prenom,idOffre,motDePasse,role) values('19129535','BARENNE','LAURE','3',md5('19129535'),1);
insert into stagiaire (numBenef,Nom,Prenom,idOffre,motDePasse,role) values('19124847','DENOYELLE','AMELIE','3',md5('19124847'),1);
insert into stagiaire (numBenef,Nom,Prenom,idOffre,motDePasse,role) values('19129549','DESCHILDRE','FREDERIC','3',md5('19129549'),1);
insert into stagiaire (numBenef,Nom,Prenom,idOffre,motDePasse,role) values('19129518','DUFOUR','DAVID','3',md5('19129518'),1);
insert into stagiaire (numBenef,Nom,Prenom,idOffre,motDePasse,role) values('19129490','ENGAMBA','HANNA','3',md5('19129490'),1);
insert into stagiaire (numBenef,Nom,Prenom,idOffre,motDePasse,role) values('19129461','LEMAIRE','ANGELIQUE','3',md5('19129461'),1);
insert into stagiaire (numBenef,Nom,Prenom,idOffre,motDePasse,role) values('19129486','MEESEMAECKER','MEGANE','3',md5('19129486'),1);
insert into stagiaire (numBenef,Nom,Prenom,idOffre,motDePasse,role) values('19129497','MEULLEMIESTRE','CATHERINE','3',md5('19129497'),1);
insert into stagiaire (numBenef,Nom,Prenom,idOffre,motDePasse,role) values('19129560','MOREAU','JOSUE','3',md5('19129560'),1);
insert into stagiaire (numBenef,Nom,Prenom,idOffre,motDePasse,role) values('19129504','SAUVAGE','MATTHIEU','3',md5('19129504'),1);
insert into stagiaire (numBenef,Nom,Prenom,idOffre,motDePasse,role) values('19135951','TOUSSAINT','JEAN-BAPTISTE','3',md5('19135951'),1);
insert into stagiaire (numBenef,Nom,Prenom,idOffre,motDePasse,role) values('19088209','CHAUSSOY','ADRIEN','4',md5('19088209'),1);
insert into stagiaire (numBenef,Nom,Prenom,idOffre,motDePasse,role) values('19088208','COLLE','MARVIN','4',md5('19088208'),1);
insert into stagiaire (numBenef,Nom,Prenom,idOffre,motDePasse,role) values('19088200','MZE BOINA','NASMA','4',md5('19088200'),1);
insert into stagiaire (numBenef,Nom,Prenom,idOffre,motDePasse,role) values('08134945','PATTAN','SINHA','4',md5('08134945'),1);
insert into stagiaire (numBenef,Nom,Prenom,idOffre,motDePasse,role) values('19090175','ROBAEY','YANNICK','4',md5('19090175'),1);
insert into stagiaire (numBenef,Nom,Prenom,idOffre,motDePasse,role) values('19088198','ROUSSELLE','ROMAIN','4',md5('19088198'),1);
insert into stagiaire (numBenef,Nom,Prenom,idOffre,motDePasse,role) values('19088204','VEROVE','BRANDON','4',md5('19088204'),1);
insert into stagiaire (numBenef,Nom,Prenom,idOffre,motDePasse,role) values('19084150','AHAMADA LOUFTI','SAADIA','4',md5('19084150'),1);
insert into stagiaire (numBenef,Nom,Prenom,idOffre,motDePasse,role) values('19118554','AHMED','ALEXIA','5',md5('19118554'),1);
insert into stagiaire (numBenef,Nom,Prenom,idOffre,motDePasse,role) values('19104847','GUILBERT','ANNE SOPHIE','5',md5('19104847'),1);
insert into stagiaire (numBenef,Nom,Prenom,idOffre,motDePasse,role) values('19104879','GUILLEMOT','MARLENE','5',md5('19104879'),1);
insert into stagiaire (numBenef,Nom,Prenom,idOffre,motDePasse,role) values('19105319','HUMBLOT','NADJIMAT','5',md5('19105319'),1);
insert into stagiaire (numBenef,Nom,Prenom,idOffre,motDePasse,role) values('19104872','LEFÈVRE','JADE','5',md5('19104872'),1);
insert into stagiaire (numBenef,Nom,Prenom,idOffre,motDePasse,role) values('19123785','OUSSET','ARNAUD','5',md5('19123785'),1);
insert into stagiaire (numBenef,Nom,Prenom,idOffre,motDePasse,role) values('19105277','PHILIPPE','SANDRINE','5',md5('19105277'),1);
insert into stagiaire (numBenef,Nom,Prenom,idOffre,motDePasse,role) values('19121754','POUWELS','DANIELLA','5',md5('19121754'),1);
insert into stagiaire (numBenef,Nom,Prenom,idOffre,motDePasse,role) values('16156520','TURBOT','JULIE','5',md5('16156520'),1);
insert into stagiaire (numBenef,Nom,Prenom,idOffre,motDePasse,role) values('19105285','TYROU','MARYLINE','5',md5('19105285'),1);
insert into stagiaire (numBenef,Nom,Prenom,idOffre,motDePasse,role) values('19105290','WARNIER','CATHY','5',md5('19105290'),1);
insert into stagiaire (numBenef,Nom,Prenom,idOffre,motDePasse,role) values('19135115','MARCQ','ISABELLE','6',md5('19135115'),1);
insert into stagiaire (numBenef,Nom,Prenom,idOffre,motDePasse,role) values('19135094','NOYELLE','LAURE','6',md5('19135094'),1);
insert into stagiaire (numBenef,Nom,Prenom,idOffre,motDePasse,role) values('19129803','ALLAIN','NICOLAS','7',md5('19129803'),1);
insert into stagiaire (numBenef,Nom,Prenom,idOffre,motDePasse,role) values('18073132','CORDONNIER','LAURENT','7',md5('18073132'),1);
insert into stagiaire (numBenef,Nom,Prenom,idOffre,motDePasse,role) values('19129719','COULIBALY','SOULEYMANE','7',md5('19129719'),1);
insert into stagiaire (numBenef,Nom,Prenom,idOffre,motDePasse,role) values('19129910','DUBOS','ROMAIN','7',md5('19129910'),1);
insert into stagiaire (numBenef,Nom,Prenom,idOffre,motDePasse,role) values('19129710','HASSINI','TAOUFIK','7',md5('19129710'),1);
insert into stagiaire (numBenef,Nom,Prenom,idOffre,motDePasse,role) values('19129829','HENON','RUDY','7',md5('19129829'),1);
insert into stagiaire (numBenef,Nom,Prenom,idOffre,motDePasse,role) values('08051024','HOUSIEAUX','ROMUALD','7',md5('08051024'),1);
insert into stagiaire (numBenef,Nom,Prenom,idOffre,motDePasse,role) values('19129797','LEMOINE','FABRICE','7',md5('19129797'),1);
insert into stagiaire (numBenef,Nom,Prenom,idOffre,motDePasse,role) values('19073812','LOYER','JEROME','7',md5('19073812'),1);
insert into stagiaire (numBenef,Nom,Prenom,idOffre,motDePasse,role) values('19129916','SIWEK','JEREMY','7',md5('19129916'),1);
insert into stagiaire (numBenef,Nom,Prenom,idOffre,motDePasse,role) values('19129721','VERLOMME','CLEMENT','7',md5('19129721'),1);
insert into stagiaire (numBenef,Nom,Prenom,idOffre,motDePasse,role) values('19133825','REMY','BRIAN','7',md5('19133825'),1);
insert into stagiaire (numBenef,Nom,Prenom,idOffre,motDePasse,role) values('19095744','AFAKIR','ABDOULHA','8',md5('19095744'),1);
insert into stagiaire (numBenef,Nom,Prenom,idOffre,motDePasse,role) values('19095759','AHMINE','YOUNES','8',md5('19095759'),1);
insert into stagiaire (numBenef,Nom,Prenom,idOffre,motDePasse,role) values('19097800','BAIRY ONAPA','SAMUEL','8',md5('19097800'),1);
insert into stagiaire (numBenef,Nom,Prenom,idOffre,motDePasse,role) values('19097817','BATAILLE','JEAN YVES','8',md5('19097817'),1);
insert into stagiaire (numBenef,Nom,Prenom,idOffre,motDePasse,role) values('19066605','BOUCLET','JIMMY','8',md5('19066605'),1);
insert into stagiaire (numBenef,Nom,Prenom,idOffre,motDePasse,role) values('19095764','DUCROCQ','HICHAM','8',md5('19095764'),1);
insert into stagiaire (numBenef,Nom,Prenom,idOffre,motDePasse,role) values('19095798','GREVIN','FRANCOIS','8',md5('19095798'),1);
insert into stagiaire (numBenef,Nom,Prenom,idOffre,motDePasse,role) values('19097811','JOLY','STEPHANE','8',md5('19097811'),1);
insert into stagiaire (numBenef,Nom,Prenom,idOffre,motDePasse,role) values('19095789','MARTEEL','ANDRE','8',md5('19095789'),1);
insert into stagiaire (numBenef,Nom,Prenom,idOffre,motDePasse,role) values('19095777','MILLIEN','DYLAN','8',md5('19095777'),1);
insert into stagiaire (numBenef,Nom,Prenom,idOffre,motDePasse,role) values('19095774','PRUDHOMME','DAVID','8',md5('19095774'),1);
insert into stagiaire (numBenef,Nom,Prenom,idOffre,motDePasse,role) values('19095754','SENDZINSKA','RÉGIS','8',md5('19095754'),1);
insert into stagiaire (numBenef,Nom,Prenom,idOffre,motDePasse,role) values('19095761','SERIEN','JEAN-BENOÎT','8',md5('19095761'),1);
insert into stagiaire (numBenef,Nom,Prenom,idOffre,motDePasse,role) values('19097471','VERBANCK','VINCENT','8',md5('19097471'),1);
insert into stagiaire (numBenef,Nom,Prenom,idOffre,motDePasse,role) values('19114132','BERNARD','SOFIAN','9',md5('19114132'),1);
insert into stagiaire (numBenef,Nom,Prenom,idOffre,motDePasse,role) values('19114119','CHAOUI','AHMED','9',md5('19114119'),1);
insert into stagiaire (numBenef,Nom,Prenom,idOffre,motDePasse,role) values('19118046','CHEKAIRI','MOHAMED','9',md5('19118046'),1);
insert into stagiaire (numBenef,Nom,Prenom,idOffre,motDePasse,role) values('19116879','DUPONT','AURÉLIEN','9',md5('19116879'),1);
insert into stagiaire (numBenef,Nom,Prenom,idOffre,motDePasse,role) values('19114134','GHESQUIER','STEPHANE','9',md5('19114134'),1);
insert into stagiaire (numBenef,Nom,Prenom,idOffre,motDePasse,role) values('19116707','JAAFAR','ABBAS','9',md5('19116707'),1);
insert into stagiaire (numBenef,Nom,Prenom,idOffre,motDePasse,role) values('19114131','MAURIN','YVES','9',md5('19114131'),1);
insert into stagiaire (numBenef,Nom,Prenom,idOffre,motDePasse,role) values('19114108','NEKHOUL','IBRAHIM','9',md5('19114108'),1);
insert into stagiaire (numBenef,Nom,Prenom,idOffre,motDePasse,role) values('19114099','TALON','JORDAN','9',md5('19114099'),1);
insert into stagiaire (numBenef,Nom,Prenom,idOffre,motDePasse,role) values('19118053','TISON','BRUNO','9',md5('19118053'),1);
insert into stagiaire (numBenef,Nom,Prenom,idOffre,motDePasse,role) values('19114129','TRAMATZU','THOMAS','9',md5('19114129'),1);
insert into stagiaire (numBenef,Nom,Prenom,idOffre,motDePasse,role) values('19114123','VANENGELANDT','VALENTIN','9',md5('19114123'),1);
insert into stagiaire (numBenef,Nom,Prenom,idOffre,motDePasse,role) values('19114104','VERPOORT','JONATHAN','9',md5('19114104'),1);
insert into stagiaire (numBenef,Nom,Prenom,idOffre,motDePasse,role) values('19124666','AMICHI','NABIL','10',md5('19124666'),1);
insert into stagiaire (numBenef,Nom,Prenom,idOffre,motDePasse,role) values('19124625','BEN MARZOUK','YOUSRA','10',md5('19124625'),1);
insert into stagiaire (numBenef,Nom,Prenom,idOffre,motDePasse,role) values('19125649','COLIN','MATHYS','10',md5('19125649'),1);
insert into stagiaire (numBenef,Nom,Prenom,idOffre,motDePasse,role) values('18056502','DELEFORGE','NICOLAS','10',md5('18056502'),1);
insert into stagiaire (numBenef,Nom,Prenom,idOffre,motDePasse,role) values('19124694','DOMAIN','LOIC','10',md5('19124694'),1);
insert into stagiaire (numBenef,Nom,Prenom,idOffre,motDePasse,role) values('19124703','FONTAINE','BENJAMIN','10',md5('19124703'),1);
insert into stagiaire (numBenef,Nom,Prenom,idOffre,motDePasse,role) values('19124617','MAES','JASON','10',md5('19124617'),1);
insert into stagiaire (numBenef,Nom,Prenom,idOffre,motDePasse,role) values('19126052','MAQUINGHEN','MEDERIC','10',md5('19126052'),1);
insert into stagiaire (numBenef,Nom,Prenom,idOffre,motDePasse,role) values('19124671','MONTIEL','NATHANAEL','10',md5('19124671'),1);
insert into stagiaire (numBenef,Nom,Prenom,idOffre,motDePasse,role) values('19124605','POSON','ALAN','10',md5('19124605'),1);
insert into stagiaire (numBenef,Nom,Prenom,idOffre,motDePasse,role) values('19126179','PUHETINI','MAXENCE','10',md5('19126179'),1);
insert into stagiaire (numBenef,Nom,Prenom,idOffre,motDePasse,role) values('19124701','SAHIN','VESSILYA','10',md5('19124701'),1);
insert into stagiaire (numBenef,Nom,Prenom,idOffre,motDePasse,role) values('17068850','VERAGHE','ALISON','10',md5('17068850'),1);
insert into stagiaire (numBenef,Nom,Prenom,idOffre,motDePasse,role) values('19124708','WILLIART','BAPTISTE','10',md5('19124708'),1);
insert into stagiaire (numBenef,Nom,Prenom,idOffre,motDePasse,role) values('19130587','ALLEBEE','SEBASTIEN','11',md5('19130587'),1);
insert into stagiaire (numBenef,Nom,Prenom,idOffre,motDePasse,role) values('16146185','BOUSSALIA','ZOHEIR','11',md5('16146185'),1);
insert into stagiaire (numBenef,Nom,Prenom,idOffre,motDePasse,role) values('19130261','DUTILLY','CEDRIC','11',md5('19130261'),1);
insert into stagiaire (numBenef,Nom,Prenom,idOffre,motDePasse,role) values('20002388','FAUCHOIT','MELYNE','11',md5('20002388'),1);
insert into stagiaire (numBenef,Nom,Prenom,idOffre,motDePasse,role) values('19130551','KANDZA','CHRIS ANA-MAR','11',md5('19130551'),1);
insert into stagiaire (numBenef,Nom,Prenom,idOffre,motDePasse,role) values('19107089','LEBRUN','MICKAEL','11',md5('19107089'),1);
insert into stagiaire (numBenef,Nom,Prenom,idOffre,motDePasse,role) values('19130263','LUONG','SAY','11',md5('19130263'),1);
insert into stagiaire (numBenef,Nom,Prenom,idOffre,motDePasse,role) values('19137522','MEKILSEN','KEVIN','11',md5('19137522'),1);
insert into stagiaire (numBenef,Nom,Prenom,idOffre,motDePasse,role) values('19130570','PATFOORT','CEDRIC','11',md5('19130570'),1);
insert into stagiaire (numBenef,Nom,Prenom,idOffre,motDePasse,role) values('20002360','SBAAI','ISSAM','11',md5('20002360'),1);
insert into stagiaire (numBenef,Nom,Prenom,idOffre,motDePasse,role) values('19130579','TAINE','LOIC','11',md5('19130579'),1);
insert into stagiaire (numBenef,Nom,Prenom,idOffre,motDePasse,role) values('18125656','THERY','BENJAMIN','11',md5('18125656'),1);
insert into stagiaire (numBenef,Nom,Prenom,idOffre,motDePasse,role) values('19099263','KUREZOBA','LISA','12',md5('19099263'),1);
insert into stagiaire (numBenef,Nom,Prenom,idOffre,motDePasse,role) values('19118210','BAUDSON','SYLVIE','12',md5('19118210'),1);
insert into stagiaire (numBenef,Nom,Prenom,idOffre,motDePasse,role) values('19118217','BENKOUCHANE','ZAHRA','12',md5('19118217'),1);
insert into stagiaire (numBenef,Nom,Prenom,idOffre,motDePasse,role) values('19120922','BOUTEILLE','LAETITIA','12',md5('19120922'),1);
insert into stagiaire (numBenef,Nom,Prenom,idOffre,motDePasse,role) values('19118162','CAUVIN','VALENTINE','12',md5('19118162'),1);
insert into stagiaire (numBenef,Nom,Prenom,idOffre,motDePasse,role) values('19118586','CHUFFART','SYLVIE','12',md5('19118586'),1);
insert into stagiaire (numBenef,Nom,Prenom,idOffre,motDePasse,role) values('19118160','DANGREAUX','ANNE-LISE','12',md5('19118160'),1);
insert into stagiaire (numBenef,Nom,Prenom,idOffre,motDePasse,role) values('19118590','DENUNCQ','ISABELLE','12',md5('19118590'),1);
insert into stagiaire (numBenef,Nom,Prenom,idOffre,motDePasse,role) values('19118169','DUBUISSON','MARIE','12',md5('19118169'),1);
insert into stagiaire (numBenef,Nom,Prenom,idOffre,motDePasse,role) values('19118578','DUREZ','ISABELLE','12',md5('19118578'),1);
insert into stagiaire (numBenef,Nom,Prenom,idOffre,motDePasse,role) values('19118164','FABIS','JULIETTE','12',md5('19118164'),1);
insert into stagiaire (numBenef,Nom,Prenom,idOffre,motDePasse,role) values('19118231','FAUCONNIER','DAISY','12',md5('19118231'),1);
insert into stagiaire (numBenef,Nom,Prenom,idOffre,motDePasse,role) values('19118166','FAVRESSE','ANGELIQUE','12',md5('19118166'),1);
insert into stagiaire (numBenef,Nom,Prenom,idOffre,motDePasse,role) values('19118240','FICQUET','SEVERINE','12',md5('19118240'),1);
insert into stagiaire (numBenef,Nom,Prenom,idOffre,motDePasse,role) values('19118225','SAILLY','PEGGY','12',md5('19118225'),1);
insert into stagiaire (numBenef,Nom,Prenom,idOffre,motDePasse,role) values('19118254','TESSON','BRIGITTE','12',md5('19118254'),1);
insert into stagiaire (numBenef,Nom,Prenom,idOffre,motDePasse,role) values('19132050','BERTONCINI','FLORENT','13',md5('19132050'),1);
insert into stagiaire (numBenef,Nom,Prenom,idOffre,motDePasse,role) values('19131850','DELVAL','JEMMY','13',md5('19131850'),1);
insert into stagiaire (numBenef,Nom,Prenom,idOffre,motDePasse,role) values('19137693','FROMENT','MATHIEU','13',md5('19137693'),1);
insert into stagiaire (numBenef,Nom,Prenom,idOffre,motDePasse,role) values('19132055','GAGNANT','JEREMY','13',md5('19132055'),1);
insert into stagiaire (numBenef,Nom,Prenom,idOffre,motDePasse,role) values('19131359','MURAGLIA','THOMAS','13',md5('19131359'),1);
insert into stagiaire (numBenef,Nom,Prenom,idOffre,motDePasse,role) values('19131345','OUTTERYCK','LAURENT','13',md5('19131345'),1);
insert into stagiaire (numBenef,Nom,Prenom,idOffre,motDePasse,role) values('19131328','PIERRU','MICHAEL','13',md5('19131328'),1);
insert into stagiaire (numBenef,Nom,Prenom,idOffre,motDePasse,role) values('19131317','PIETERS','PASCAL','13',md5('19131317'),1);
insert into stagiaire (numBenef,Nom,Prenom,idOffre,motDePasse,role) values('19131350','RISCHEBE','JOSSELIN','13',md5('19131350'),1);
insert into stagiaire (numBenef,Nom,Prenom,idOffre,motDePasse,role) values('19131321','TALHI','DJAMELDINE','13',md5('19131321'),1);
insert into stagiaire (numBenef,Nom,Prenom,idOffre,motDePasse,role) values('19064282','VASSEUR','JEROME','13',md5('19064282'),1);
insert into stagiaire (numBenef,Nom,Prenom,idOffre,motDePasse,role) values('19132301','BLAVOET','JONATHAN','14',md5('19132301'),1);
insert into stagiaire (numBenef,Nom,Prenom,idOffre,motDePasse,role) values('19132304','CAPRON','FLORENT','14',md5('19132304'),1);
insert into stagiaire (numBenef,Nom,Prenom,idOffre,motDePasse,role) values('19132284','DECROOCQ','VALENTIN','14',md5('19132284'),1);
insert into stagiaire (numBenef,Nom,Prenom,idOffre,motDePasse,role) values('19132296','KOBON','YAN','14',md5('19132296'),1);
insert into stagiaire (numBenef,Nom,Prenom,idOffre,motDePasse,role) values('19132298','NUTER','ALBAN','14',md5('19132298'),1);
insert into stagiaire (numBenef,Nom,Prenom,idOffre,motDePasse,role) values('19139022','POLLAERT','ENZO','14',md5('19139022'),1);
insert into stagiaire (numBenef,Nom,Prenom,idOffre,motDePasse,role) values('19132303','SACI','THEO','14',md5('19132303'),1);
insert into stagiaire (numBenef,Nom,Prenom,idOffre,motDePasse,role) values('19139012','SCHUPPE','HUGO','14',md5('19139012'),1);
insert into stagiaire (numBenef,Nom,Prenom,idOffre,motDePasse,role) values('19132308','TERNY','CAROLINE','14',md5('19132308'),1);
insert into stagiaire (numBenef,Nom,Prenom,idOffre,motDePasse,role) values('19132306','WILLE','SIMON','14',md5('19132306'),1);
insert into stagiaire (numBenef,Nom,Prenom,idOffre,motDePasse,role) values('19101750','AGEZ','JOHANNA','15',md5('19101750'),1);
insert into stagiaire (numBenef,Nom,Prenom,idOffre,motDePasse,role) values('19101834','BERTELOOT','CHRISTELLE','15',md5('19101834'),1);
insert into stagiaire (numBenef,Nom,Prenom,idOffre,motDePasse,role) values('19101840','BOUTON','LUDIVINE','15',md5('19101840'),1);
insert into stagiaire (numBenef,Nom,Prenom,idOffre,motDePasse,role) values('19101773','BUNIET','AGNES','15',md5('19101773'),1);
insert into stagiaire (numBenef,Nom,Prenom,idOffre,motDePasse,role) values('19101855','CHARLON','ANNIE','15',md5('19101855'),1);
insert into stagiaire (numBenef,Nom,Prenom,idOffre,motDePasse,role) values('19101826','DEMASSIEUX','MARIE LOU','15',md5('19101826'),1);
insert into stagiaire (numBenef,Nom,Prenom,idOffre,motDePasse,role) values('19101843','DENYS','LYSIANE','15',md5('19101843'),1);
insert into stagiaire (numBenef,Nom,Prenom,idOffre,motDePasse,role) values('19101812','FERYN','AURORE','15',md5('19101812'),1);
insert into stagiaire (numBenef,Nom,Prenom,idOffre,motDePasse,role) values('19101783','MAHROUG','LAHOUARI','15',md5('19101783'),1);
insert into stagiaire (numBenef,Nom,Prenom,idOffre,motDePasse,role) values('19101787','MANCEAU','HELENE','15',md5('19101787'),1);
insert into stagiaire (numBenef,Nom,Prenom,idOffre,motDePasse,role) values('19101851','STROSBERG','MARIE PIERRE','15',md5('19101851'),1);
insert into stagiaire (numBenef,Nom,Prenom,idOffre,motDePasse,role) values('19101795','VAAST','FRANCOISE','15',md5('19101795'),1);
insert into stagiaire (numBenef,Nom,Prenom,idOffre,motDePasse,role) values('19101736','VINAGRE','FREDERIC','15',md5('19101736'),1);
insert into stagiaire (numBenef,Nom,Prenom,idOffre,motDePasse,role) values('19116714','BOUGEROLLE','MAXIME','16',md5('19116714'),1);
insert into stagiaire (numBenef,Nom,Prenom,idOffre,motDePasse,role) values('19114874','CATHERINE','MARINA','16',md5('19114874'),1);
insert into stagiaire (numBenef,Nom,Prenom,idOffre,motDePasse,role) values('19114880','COULBAUX','MELANIE','16',md5('19114880'),1);
insert into stagiaire (numBenef,Nom,Prenom,idOffre,motDePasse,role) values('19114814','LECOMPTE','ALICIA','16',md5('19114814'),1);
insert into stagiaire (numBenef,Nom,Prenom,idOffre,motDePasse,role) values('19114834','LECRAS','LAURA','16',md5('19114834'),1);
insert into stagiaire (numBenef,Nom,Prenom,idOffre,motDePasse,role) values('19114823','LEMAITRE','AUDREY','16',md5('19114823'),1);
insert into stagiaire (numBenef,Nom,Prenom,idOffre,motDePasse,role) values('19114838','LEROY','BENJAMIN','16',md5('19114838'),1);
insert into stagiaire (numBenef,Nom,Prenom,idOffre,motDePasse,role) values('19114830','LIERE','ELISA','16',md5('19114830'),1);
insert into stagiaire (numBenef,Nom,Prenom,idOffre,motDePasse,role) values('19114795','SAINT MAXIN','ANAIS','16',md5('19114795'),1);
insert into stagiaire (numBenef,Nom,Prenom,idOffre,motDePasse,role) values('19114835','SCHREVEL','ALISON','16',md5('19114835'),1);
insert into stagiaire (numBenef,Nom,Prenom,idOffre,motDePasse,role) values('19134773','ADNOT','ROMAIN','17',md5('19134773'),1);
insert into stagiaire (numBenef,Nom,Prenom,idOffre,motDePasse,role) values('19129736','BOUZERADE','KHADJOU','17',md5('19129736'),1);
insert into stagiaire (numBenef,Nom,Prenom,idOffre,motDePasse,role) values('19129842','CHAMSSI ATTOUMANI','ROU-OUAT','17',md5('19129842'),1);
insert into stagiaire (numBenef,Nom,Prenom,idOffre,motDePasse,role) values('19129715','GRASSIN','LOUANNE','17',md5('19129715'),1);
insert into stagiaire (numBenef,Nom,Prenom,idOffre,motDePasse,role) values('19137918','HANNON','MARIE','17',md5('19137918'),1);
insert into stagiaire (numBenef,Nom,Prenom,idOffre,motDePasse,role) values('19129733','LAFORCE','PALOMA','17',md5('19129733'),1);
insert into stagiaire (numBenef,Nom,Prenom,idOffre,motDePasse,role) values('19129707','LEFEBVRE','SHANNON','17',md5('19129707'),1);
insert into stagiaire (numBenef,Nom,Prenom,idOffre,motDePasse,role) values('17012317','LEPLAT','ISABELLE','17',md5('17012317'),1);
insert into stagiaire (numBenef,Nom,Prenom,idOffre,motDePasse,role) values('19129812','PROVOU','DEBORAH','17',md5('19129812'),1);
insert into stagiaire (numBenef,Nom,Prenom,idOffre,motDePasse,role) values('19129745','REDONDO','OPHELIE','17',md5('19129745'),1);
insert into stagiaire (numBenef,Nom,Prenom,idOffre,motDePasse,role) values('19129727','THOORIS','MARIE','17',md5('19129727'),1);
insert into stagiaire (numBenef,Nom,Prenom,idOffre,motDePasse,role) values('16140554','TOUALBIA','FIONA','17',md5('16140554'),1);
insert into stagiaire (numBenef,Nom,Prenom,idOffre,motDePasse,role) values('19129837','WYBOUW','JUSTINE','17',md5('19129837'),1);
insert into stagiaire (numBenef,Nom,Prenom,idOffre,motDePasse,role) values('19133704','GRAIRIAN','MERI','17',md5('19133704'),1);
insert into stagiaire (numBenef,Nom,Prenom,idOffre,motDePasse,role) values('19139407','ROHART','CORINNE','17',md5('19139407'),1);
insert into stagiaire (numBenef,Nom,Prenom,idOffre,motDePasse,role) values('19129256','ARNOUX','JUSTIN','1',md5('19129256'),1);
insert into stagiaire (numBenef,Nom,Prenom,idOffre,motDePasse,role) values('19129277','BEGREM','NICOLAS','1',md5('19129277'),1);
insert into stagiaire (numBenef,Nom,Prenom,idOffre,motDePasse,role) values('19129303','CANDILLIER','GEOFFREY','1',md5('19129303'),1);
insert into stagiaire (numBenef,Nom,Prenom,idOffre,motDePasse,role) values('19129273','CONSIL','ANTHONY','1',md5('19129273'),1);
insert into stagiaire (numBenef,Nom,Prenom,idOffre,motDePasse,role) values('19129315','DEKAISER','CHRISTOPHE','1',md5('19129315'),1);
insert into stagiaire (numBenef,Nom,Prenom,idOffre,motDePasse,role) values('16176537','FOURNIVAL','THIERRY','1',md5('16176537'),1);
insert into stagiaire (numBenef,Nom,Prenom,idOffre,motDePasse,role) values('19129280','LENNE','JEROME','1',md5('19129280'),1);
insert into stagiaire (numBenef,Nom,Prenom,idOffre,motDePasse,role) values('19129284','LIBLANC','KEVIN','1',md5('19129284'),1);
insert into stagiaire (numBenef,Nom,Prenom,idOffre,motDePasse,role) values('19129288','MADER','QUENTIN','1',md5('19129288'),1);
insert into stagiaire (numBenef,Nom,Prenom,idOffre,motDePasse,role) values('19131203','NGONGANG','AMELIE','1',md5('19131203'),1);
insert into stagiaire (numBenef,Nom,Prenom,idOffre,motDePasse,role) values('19129268','RENAUX','GAETAN','1',md5('19129268'),1);
insert into stagiaire (numBenef,Nom,Prenom,idOffre,motDePasse,role) values('19129005','ROCHE','MARINE','1',md5('19129005'),1);
insert into stagiaire (numBenef,Nom,Prenom,idOffre,motDePasse,role) values('19129295','ROUBLIC','MICHAEL','1',md5('19129295'),1);
insert into stagiaire (numBenef,Nom,Prenom,idOffre,motDePasse,role) values('19129245','SCHMITZ','ALEXANDRE','1',md5('19129245'),1);
insert into stagiaire (numBenef,Nom,Prenom,idOffre,motDePasse,role) values('19135166','TERRYN','TEDDY','1',md5('19135166'),1);
insert into stagiaire (numBenef,Nom,Prenom,idOffre,motDePasse,role) values('19129259','TRAPET','CORENTIN','1',md5('19129259'),1);
insert into stagiaire (numBenef,Nom,Prenom,idOffre,motDePasse,role) values('20000802','DEVRED','ROMAIN','1',md5('20000802'),1);
insert into stagiaire (numBenef,Nom,Prenom,idOffre,motDePasse,role) values('16123149','CHRISTOPHE','ALAIN','19',md5('16123149'),1);
insert into stagiaire (numBenef,Nom,Prenom,idOffre,motDePasse,role) values('19130049','DUTAS','ALFREDO','19',md5('19130049'),1);
insert into stagiaire (numBenef,Nom,Prenom,idOffre,motDePasse,role) values('18057086','LAJOUX','JULIEN','19',md5('18057086'),1);
insert into stagiaire (numBenef,Nom,Prenom,idOffre,motDePasse,role) values('19127495','MARTIN','NICOLAS','19',md5('19127495'),1);
insert into stagiaire (numBenef,Nom,Prenom,idOffre,motDePasse,role) values('19130074','VANDOMME','ANTHONY','19',md5('19130074'),1);
insert into stagiaire (numBenef,Nom,Prenom,idOffre,motDePasse,role) values('15114404','ZACCONI','ERIC','19',md5('15114404'),1);
insert into stagiaire (numBenef,Nom,Prenom,idOffre,motDePasse,role) values('19102276','SZWED','MICHEL','20',md5('19102276'),1);
insert into stagiaire (numBenef,Nom,Prenom,idOffre,motDePasse,role) values('19106356','DUTOIT','TRYSTAN','21',md5('19106356'),1);
insert into stagiaire (numBenef,Nom,Prenom,idOffre,motDePasse,role) values('19105867','TYROU','SYLVAIN','21',md5('19105867'),1);
insert into stagiaire (numBenef,Nom,Prenom,idOffre,motDePasse,role) values('19105840','HEENDRICKXEN','DAVID','22',md5('19105840'),1);
insert into stagiaire (numBenef,Nom,Prenom,idOffre,motDePasse,role) values('19112111','DUFRESNE','LUCAS','23',md5('19112111'),1);
insert into stagiaire (numBenef,Nom,Prenom,idOffre,motDePasse,role) values('19122473','PECQUEUX','JOHANN','24',md5('19122473'),1);
insert into stagiaire (numBenef,Nom,Prenom,idOffre,motDePasse,role) values('20007170','ALLOUCHERY','ALINE','25',md5('20007170'),1);
insert into stagiaire (numBenef,Nom,Prenom,idOffre,motDePasse,role) values('20012098','GOMAR','NADIA','25',md5('20012098'),1);
insert into stagiaire (numBenef,Nom,Prenom,idOffre,motDePasse,role) values('19046184','PILLET','SIMONE','25',md5('19046184'),1);
insert into stagiaire (numBenef,Nom,Prenom,idOffre,motDePasse,role) values('08145330','PRONIER','CARINE','25',md5('08145330'),1);
insert into stagiaire (numBenef,Nom,Prenom,idOffre,motDePasse,role) values('20007183','RYCKEBOSCH','CINDY','25',md5('20007183'),1);
insert into stagiaire (numBenef,Nom,Prenom,idOffre,motDePasse,role) values('20004542','BADRI','HALGORDE','26',md5('20004542'),1);
insert into stagiaire (numBenef,Nom,Prenom,idOffre,motDePasse,role) values('20004587','DEPREZ','MAXENCE','26',md5('20004587'),1);
insert into stagiaire (numBenef,Nom,Prenom,idOffre,motDePasse,role) values('20004585','DUQUENE','ROMAIN','26',md5('20004585'),1);
insert into stagiaire (numBenef,Nom,Prenom,idOffre,motDePasse,role) values('20004578','GUILBERT','FLORIAN','26',md5('20004578'),1);
insert into stagiaire (numBenef,Nom,Prenom,idOffre,motDePasse,role) values('20004597','LIEVIN','LAURENT','26',md5('20004597'),1);
insert into stagiaire (numBenef,Nom,Prenom,idOffre,motDePasse,role) values('20004557','MARTEL','JOSSELIN','26',md5('20004557'),1);
insert into stagiaire (numBenef,Nom,Prenom,idOffre,motDePasse,role) values('20004553','ORGAER','PAUL','26',md5('20004553'),1);
insert into stagiaire (numBenef,Nom,Prenom,idOffre,motDePasse,role) values('20004591','SAILLOT','PIERRE','26',md5('20004591'),1);
insert into stagiaire (numBenef,Nom,Prenom,idOffre,motDePasse,role) values('20004572','TIRMARCHE','ALEXIS','26',md5('20004572'),1);
insert into stagiaire (numBenef,Nom,Prenom,idOffre,motDePasse,role) values('20012481','ABDALLAH','PATRICIA','27',md5('20012481'),1);
insert into stagiaire (numBenef,Nom,Prenom,idOffre,motDePasse,role) values('20012474','BODO','LYSIANE','27',md5('20012474'),1);
insert into stagiaire (numBenef,Nom,Prenom,idOffre,motDePasse,role) values('20012472','BONNE','PRISCILLA','27',md5('20012472'),1);
insert into stagiaire (numBenef,Nom,Prenom,idOffre,motDePasse,role) values('20012468','DELACROIX','LAETITIA','27',md5('20012468'),1);
insert into stagiaire (numBenef,Nom,Prenom,idOffre,motDePasse,role) values('20012480','VANHOLDERBEKE','ISABELLE','27',md5('20012480'),1);
insert into stagiaire (numBenef,Nom,Prenom,idOffre,motDePasse,role) values('20013440','AVADANEI','RODICA','28',md5('20013440'),1);
insert into stagiaire (numBenef,Nom,Prenom,idOffre,motDePasse,role) values('20015538','BARTHELEMY','MELANIE','28',md5('20015538'),1);
insert into stagiaire (numBenef,Nom,Prenom,idOffre,motDePasse,role) values('20013798','FARIN','CHANTAL','28',md5('20013798'),1);
insert into stagiaire (numBenef,Nom,Prenom,idOffre,motDePasse,role) values('20013435','GEERAERT','ANNIE','28',md5('20013435'),1);
insert into stagiaire (numBenef,Nom,Prenom,idOffre,motDePasse,role) values('20013449','LANIEZ','SYLVIE','28',md5('20013449'),1);
insert into stagiaire (numBenef,Nom,Prenom,idOffre,motDePasse,role) values('20013445','LYSIAK','DAVID','28',md5('20013445'),1);
insert into stagiaire (numBenef,Nom,Prenom,idOffre,motDePasse,role) values('20016114','MERLIN','JEAN-FRANCOIS','28',md5('20016114'),1);
