
--
-- Base de données :  `pointageafpa`
--
Use PointageAfpa;
--
-- Déchargement des données de la table `formateur`
--

INSERT INTO `formateur` (`idFormateur`, `matricule`, `nom`, `prenom`, `motDePasse`, `role`) VALUES(1, '0803161', 'BAERT', 'STEPHANE', '9a37bc28806cf6983f0d67c99b304835', 0);
INSERT INTO `formateur` (`idFormateur`, `matricule`, `nom`, `prenom`, `motDePasse`, `role`) VALUES(2, '02BX015', 'BALLET', 'STEPHANE', 'b4280d0788d93e9afcafa4ba4d91b508', 0);
INSERT INTO `formateur` (`idFormateur`, `matricule`, `nom`, `prenom`, `motDePasse`, `role`) VALUES(3, '1900858', 'BARBIER', 'STELLA', '90e1c64024726e62cadc387eae23e323', 1);
INSERT INTO `formateur` (`idFormateur`, `matricule`, `nom`, `prenom`, `motDePasse`, `role`) VALUES(4, '1000435', 'BATSIK', 'JEAN-PAUL', '33f0914766dee281786a3f5d76681ba8', 1);
INSERT INTO `formateur` (`idFormateur`, `matricule`, `nom`, `prenom`, `motDePasse`, `role`) VALUES(5, '1903375', 'BOUTEILLER', 'EMMANUEL', '50c479aae615d88286f8f39643952eed', 1);
INSERT INTO `formateur` (`idFormateur`, `matricule`, `nom`, `prenom`, `motDePasse`, `role`) VALUES(6, '0503241', 'BUTTERDROGHE', 'HERVE', 'aa5cc2697961791b176bf7e0ebb78c39', 0);
INSERT INTO `formateur` (`idFormateur`, `matricule`, `nom`, `prenom`, `motDePasse`, `role`) VALUES(7, '0700665', 'DEGROOTE', 'ELODIE', '50321f0ce059958201669d0b4f9a8d4e', 1);
INSERT INTO `formateur` (`idFormateur`, `matricule`, `nom`, `prenom`, `motDePasse`, `role`) VALUES(8, '99AY013', 'DELESCLUSE', 'FREDERIC', '149f18a1bc6a982d81d6e289a18630c6', 2);
INSERT INTO `formateur` (`idFormateur`, `matricule`, `nom`, `prenom`, `motDePasse`, `role`) VALUES(9, '00CN003', 'DELNATTE', 'LAURENT', 'b5330cc5a91f87b9348f0c15527b777b', 0);
INSERT INTO `formateur` (`idFormateur`, `matricule`, `nom`, `prenom`, `motDePasse`, `role`) VALUES(10, '1301971', 'DEREBREU', 'AMELIE', 'ca1fa5a2a24f52cc01ab7800b3ea7fa3', 1);
INSERT INTO `formateur` (`idFormateur`, `matricule`, `nom`, `prenom`, `motDePasse`, `role`) VALUES(11, '1800315', 'DEWET', 'VIRGINIE', '2ab112884408f9a21637fd30d6433e8f', 1);
INSERT INTO `formateur` (`idFormateur`, `matricule`, `nom`, `prenom`, `motDePasse`, `role`) VALUES(12, '0502772', 'DISTANTI', 'ANNE', '75260c375b11b57645ce2c50c90a03bb', 2);
INSERT INTO `formateur` (`idFormateur`, `matricule`, `nom`, `prenom`, `motDePasse`, `role`) VALUES(13, '1900865', 'DUBOIS', 'THOMAS', '6eae1436b87815bc72d92316cc8cdcfa', 1);
INSERT INTO `formateur` (`idFormateur`, `matricule`, `nom`, `prenom`, `motDePasse`, `role`) VALUES(14, '98CD008', 'DUCHESNE', 'OLIVIER', '57028232d6e80c1da4f6c8b10184f7c4', 0);
INSERT INTO `formateur` (`idFormateur`, `matricule`, `nom`, `prenom`, `motDePasse`, `role`) VALUES(15, '95BX011', 'FERAND', 'FRANCK', '6f5e809627142125ebfda5ded738e37b', 0);
INSERT INTO `formateur` (`idFormateur`, `matricule`, `nom`, `prenom`, `motDePasse`, `role`) VALUES(16, '1700978', 'FICQUET', 'CHRISTOPHE', '33cf0ee4a1c62f45f84e27727fe7caa9', 1);
INSERT INTO `formateur` (`idFormateur`, `matricule`, `nom`, `prenom`, `motDePasse`, `role`) VALUES(17, '0603230', 'FONTOWICZ', 'FREDERIC', 'bac9064fff6d89918bf360b937d5a82c', 0);
INSERT INTO `formateur` (`idFormateur`, `matricule`, `nom`, `prenom`, `motDePasse`, `role`) VALUES(18, '1802963', 'FOURNET', 'HELENE', '14277f05cdc2acbd418264cf9df103e6', 0);
INSERT INTO `formateur` (`idFormateur`, `matricule`, `nom`, `prenom`, `motDePasse`, `role`) VALUES(19, '0902067', 'GHARBI', 'KARIM', '5c8efc1e3ffcfec12290baf4a458a206', 1);
INSERT INTO `formateur` (`idFormateur`, `matricule`, `nom`, `prenom`, `motDePasse`, `role`) VALUES(20, '94A0021', 'HAVARD', 'FRANCIS', 'a6eea5f1a60b1059f31319aa1020a2e5', 0);
INSERT INTO `formateur` (`idFormateur`, `matricule`, `nom`, `prenom`, `motDePasse`, `role`) VALUES(21, '0801355', 'KOWALEWSKI', 'CEDRIC', 'e391cfeb55d8366a431e6e4289eaee61', 1);
INSERT INTO `formateur` (`idFormateur`, `matricule`, `nom`, `prenom`, `motDePasse`, `role`) VALUES(22, '1403021', 'KUNZ', 'JEAN-LUC', '3762e2c3dbadf94659d4be1b40b57ea6', 1);
INSERT INTO `formateur` (`idFormateur`, `matricule`, `nom`, `prenom`, `motDePasse`, `role`) VALUES(23, '0600941', 'LAFORCE', 'ALBERT', 'ea4e1268b910cbda31e9c2949d3401dc', 0);
INSERT INTO `formateur` (`idFormateur`, `matricule`, `nom`, `prenom`, `motDePasse`, `role`) VALUES(24, '0700366', 'LOGEZ', 'CAROLE', 'b6194be0ce6133c98ea98cfa6c6d77b5', 0);
INSERT INTO `formateur` (`idFormateur`, `matricule`, `nom`, `prenom`, `motDePasse`, `role`) VALUES(25, '190001', 'MAHIEUX', 'PASCAL', '22be415519dbfc7782fb9494c26e76a8', 0);
INSERT INTO `formateur` (`idFormateur`, `matricule`, `nom`, `prenom`, `motDePasse`, `role`) VALUES(26, '89CN003', 'MARECHAL', 'MARYLINE', '2daaacbf70d802747d01e491e0b5b797', 2);
INSERT INTO `formateur` (`idFormateur`, `matricule`, `nom`, `prenom`, `motDePasse`, `role`) VALUES(27, '1301180', 'MARTEL', 'MICHEL', 'f3326b04a761e8b60559fbab9451e5ae', 0);
INSERT INTO `formateur` (`idFormateur`, `matricule`, `nom`, `prenom`, `motDePasse`, `role`) VALUES(28, '1701467', 'MELSEN', 'MARYLINE', '199b6b97dae155cf530477b4953373a1', 1);
INSERT INTO `formateur` (`idFormateur`, `matricule`, `nom`, `prenom`, `motDePasse`, `role`) VALUES(29, '1701871', 'POIX', 'MARTINE', 'b52fbfc80a2920d525db02450b3efbf1', 1);
INSERT INTO `formateur` (`idFormateur`, `matricule`, `nom`, `prenom`, `motDePasse`, `role`) VALUES(30, '03CF044', 'REYMBAUT', 'MARIE-HELENE', '16e58f21a2da86dc2e160273717e020c', 0);
INSERT INTO `formateur` (`idFormateur`, `matricule`, `nom`, `prenom`, `motDePasse`, `role`) VALUES(31, '91CN005', 'SCHMIDLIN', 'ROSE-MARIE', '4f0e103d047ee0d2d3adf8df1e6e9f57', 2);
INSERT INTO `formateur` (`idFormateur`, `matricule`, `nom`, `prenom`, `motDePasse`, `role`) VALUES(32, '1200591', 'SEURIOT', 'ANDRE', '126344702d65b05e09a969e45009b56e', 0);
INSERT INTO `formateur` (`idFormateur`, `matricule`, `nom`, `prenom`, `motDePasse`, `role`) VALUES(33, '1703666', 'SINNAEVE', 'ARNAUD', '491c046a0fc70f319804ea926ca51746', 1);
INSERT INTO `formateur` (`idFormateur`, `matricule`, `nom`, `prenom`, `motDePasse`, `role`) VALUES(34, '95BX019', 'STERCKEMAN', 'ALBERT', '54161395018507e45c6e71cc9a68bb97', 1);
INSERT INTO `formateur` (`idFormateur`, `matricule`, `nom`, `prenom`, `motDePasse`, `role`) VALUES(35, '01BX008', 'TAILAME', 'PIERRE', '9eeba07c3744e03aff6fbbf9e09a3ae3', 0);
INSERT INTO `formateur` (`idFormateur`, `matricule`, `nom`, `prenom`, `motDePasse`, `role`) VALUES(36, '1103706', 'TRINQUET', 'LUC', 'fb28a62172e0b9e777627c0836e23ced', 1);
INSERT INTO `formateur` (`idFormateur`, `matricule`, `nom`, `prenom`, `motDePasse`, `role`) VALUES(37, '88CN001', 'VASSEUR', 'LEON', '9374908c8df39bc52184503169c1d4c5', 1);
INSERT INTO `formateur` (`idFormateur`, `matricule`, `nom`, `prenom`, `motDePasse`, `role`) VALUES(38, '601295', 'VERRAES', 'DELPHINE', '5ed225cfa6d35f498806a98e31ce7e51', 2);
INSERT INTO `formateur` (`idFormateur`, `matricule`, `nom`, `prenom`, `motDePasse`, `role`) VALUES(39, '1200897', 'VITSE', 'XAVIER', '6e65635318e5d67848caeb643db6736c', 1);
INSERT INTO `formateur` (`idFormateur`, `matricule`, `nom`, `prenom`, `motDePasse`, `role`) VALUES(40, '83CN008', 'WALLOT', 'PASCALE', '7f457efaf2c7a95b048dc66dc75c2ae2', 2);
INSERT INTO `formateur` (`idFormateur`, `matricule`, `nom`, `prenom`, `motDePasse`, `role`) VALUES(41, 'XXXX', 'FOURMAUX', 'ALAIN', 'ad347226dcc1d205f58e693925c28783', 1);

--
-- Déchargement des données de la table `formation`
--

INSERT INTO `formation` (`idFormation`, `codeFormation`, `libelleFormation`) VALUES(1, 'DWWM', 'Developpement Web et Web Mobile');
INSERT INTO `formation` (`idFormation`, `codeFormation`, `libelleFormation`) VALUES(2, 'ARH', 'Assistant Ressource Humaine');
INSERT INTO `formation` (`idFormation`, `codeFormation`, `libelleFormation`) VALUES(3, 'GCF', 'GESTIONNAIRE COMPTABLE ET FISCAL');
INSERT INTO `formation` (`idFormation`, `codeFormation`, `libelleFormation`) VALUES(4, 'TSAII', 'Technicien Supérieur en Automatisme et Informatique Industriel');
INSERT INTO `formation` (`idFormation`, `codeFormation`, `libelleFormation`) VALUES(5, 'TSSR', 'TSSR');
INSERT INTO `formation` (`idFormation`, `codeFormation`, `libelleFormation`) VALUES(6, 'TRTE', 'Technicien Réseau et Telecommunication Entreprise');
INSERT INTO `formation` (`idFormation`, `codeFormation`, `libelleFormation`) VALUES(7, 'TAI', 'Technicien Assistance Informatique');
INSERT INTO `formation` (`idFormation`, `codeFormation`, `libelleFormation`) VALUES(8, 'SOUD', 'Soudeur');
INSERT INTO `formation` (`idFormation`, `codeFormation`, `libelleFormation`) VALUES(9, 'EMI', 'Electricien Maintenance Industriel');
INSERT INTO `formation` (`idFormation`, `codeFormation`, `libelleFormation`) VALUES(10, 'EIMSA', 'EIMSA');
INSERT INTO `formation` (`idFormation`, `codeFormation`, `libelleFormation`) VALUES(11, 'TMI', 'Technicien en Maintenance Industriel');
INSERT INTO `formation` (`idFormation`, `codeFormation`, `libelleFormation`) VALUES(12, 'CIMA', 'CIMA');
INSERT INTO `formation` (`idFormation`, `codeFormation`, `libelleFormation`) VALUES(13, 'GDP', 'GESTIONNAIRE DE PAIE');
INSERT INTO `formation` (`idFormation`, `codeFormation`, `libelleFormation`) VALUES(14, 'ADVF', 'Assistant de vie aux Familles');
INSERT INTO `formation` (`idFormation`, `codeFormation`, `libelleFormation`) VALUES(15, 'AEB', '');
INSERT INTO `formation` (`idFormation`, `codeFormation`, `libelleFormation`) VALUES(16, 'APH', '');
INSERT INTO `formation` (`idFormation`, `codeFormation`, `libelleFormation`) VALUES(17, 'CQPM', '');
INSERT INTO `formation` (`idFormation`, `codeFormation`, `libelleFormation`) VALUES(18, 'DVE', '');
INSERT INTO `formation` (`idFormation`, `codeFormation`, `libelleFormation`) VALUES(19, 'ITS', '');
INSERT INTO `formation` (`idFormation`, `codeFormation`, `libelleFormation`) VALUES(20, 'MPI', '');
INSERT INTO `formation` (`idFormation`, `codeFormation`, `libelleFormation`) VALUES(21, 'VCM', 'Vendeur Conseil en Magasin');

--
-- Déchargement des données de la table `journee`
--

INSERT INTO `journee` (`idJournee`, `jour`, `demiJournee`, `idSemaine`) VALUES(1, '2020-3-30', 'matin', 1);
INSERT INTO `journee` (`idJournee`, `jour`, `demiJournee`, `idSemaine`) VALUES(2, '2020-3-30', 'après-midi', 1);
INSERT INTO `journee` (`idJournee`, `jour`, `demiJournee`, `idSemaine`) VALUES(3, '2020-3-31', 'matin', 1);
INSERT INTO `journee` (`idJournee`, `jour`, `demiJournee`, `idSemaine`) VALUES(4, '2020-3-31', 'après-midi', 1);
INSERT INTO `journee` (`idJournee`, `jour`, `demiJournee`, `idSemaine`) VALUES(5, '2020-4-1', 'matin', 1);
INSERT INTO `journee` (`idJournee`, `jour`, `demiJournee`, `idSemaine`) VALUES(6, '2020-4-1', 'après-midi', 1);
INSERT INTO `journee` (`idJournee`, `jour`, `demiJournee`, `idSemaine`) VALUES(7, '2020-4-2', 'matin', 1);
INSERT INTO `journee` (`idJournee`, `jour`, `demiJournee`, `idSemaine`) VALUES(8, '2020-4-2', 'après-midi', 1);
INSERT INTO `journee` (`idJournee`, `jour`, `demiJournee`, `idSemaine`) VALUES(9, '2020-4-3', 'matin', 1);
INSERT INTO `journee` (`idJournee`, `jour`, `demiJournee`, `idSemaine`) VALUES(10, '2020-4-6', 'matin', 2);
INSERT INTO `journee` (`idJournee`, `jour`, `demiJournee`, `idSemaine`) VALUES(11, '2020-4-6', 'après-midi', 2);
INSERT INTO `journee` (`idJournee`, `jour`, `demiJournee`, `idSemaine`) VALUES(12, '2020-4-7', 'matin', 2);
INSERT INTO `journee` (`idJournee`, `jour`, `demiJournee`, `idSemaine`) VALUES(13, '2020-4-7', 'après-midi', 2);
INSERT INTO `journee` (`idJournee`, `jour`, `demiJournee`, `idSemaine`) VALUES(14, '2020-4-8', 'matin', 2);
INSERT INTO `journee` (`idJournee`, `jour`, `demiJournee`, `idSemaine`) VALUES(15, '2020-4-8', 'après-midi', 2);
INSERT INTO `journee` (`idJournee`, `jour`, `demiJournee`, `idSemaine`) VALUES(16, '2020-4-9', 'matin', 2);
INSERT INTO `journee` (`idJournee`, `jour`, `demiJournee`, `idSemaine`) VALUES(17, '2020-4-9', 'après-midi', 2);
INSERT INTO `journee` (`idJournee`, `jour`, `demiJournee`, `idSemaine`) VALUES(18, '2020-4-10', 'matin', 2);
INSERT INTO `journee` (`idJournee`, `jour`, `demiJournee`, `idSemaine`) VALUES(19, '2020-4-13', 'matin', 3);
INSERT INTO `journee` (`idJournee`, `jour`, `demiJournee`, `idSemaine`) VALUES(20, '2020-4-13', 'après-midi', 3);
INSERT INTO `journee` (`idJournee`, `jour`, `demiJournee`, `idSemaine`) VALUES(21, '2020-4-14', 'matin', 3);
INSERT INTO `journee` (`idJournee`, `jour`, `demiJournee`, `idSemaine`) VALUES(22, '2020-4-14', 'après-midi', 3);
INSERT INTO `journee` (`idJournee`, `jour`, `demiJournee`, `idSemaine`) VALUES(23, '2020-4-15', 'matin', 3);
INSERT INTO `journee` (`idJournee`, `jour`, `demiJournee`, `idSemaine`) VALUES(24, '2020-4-15', 'après-midi', 3);
INSERT INTO `journee` (`idJournee`, `jour`, `demiJournee`, `idSemaine`) VALUES(25, '2020-4-16', 'matin', 3);
INSERT INTO `journee` (`idJournee`, `jour`, `demiJournee`, `idSemaine`) VALUES(26, '2020-4-16', 'après-midi', 3);
INSERT INTO `journee` (`idJournee`, `jour`, `demiJournee`, `idSemaine`) VALUES(27, '2020-4-17', 'matin', 3);
INSERT INTO `journee` (`idJournee`, `jour`, `demiJournee`, `idSemaine`) VALUES(28, '2020-4-20', 'matin', 4);
INSERT INTO `journee` (`idJournee`, `jour`, `demiJournee`, `idSemaine`) VALUES(29, '2020-4-20', 'après-midi', 4);
INSERT INTO `journee` (`idJournee`, `jour`, `demiJournee`, `idSemaine`) VALUES(30, '2020-4-21', 'matin', 4);
INSERT INTO `journee` (`idJournee`, `jour`, `demiJournee`, `idSemaine`) VALUES(31, '2020-4-21', 'après-midi', 4);
INSERT INTO `journee` (`idJournee`, `jour`, `demiJournee`, `idSemaine`) VALUES(32, '2020-4-22', 'matin', 4);
INSERT INTO `journee` (`idJournee`, `jour`, `demiJournee`, `idSemaine`) VALUES(33, '2020-4-22', 'après-midi', 4);
INSERT INTO `journee` (`idJournee`, `jour`, `demiJournee`, `idSemaine`) VALUES(34, '2020-4-23', 'matin', 4);
INSERT INTO `journee` (`idJournee`, `jour`, `demiJournee`, `idSemaine`) VALUES(35, '2020-4-23', 'après-midi', 4);
INSERT INTO `journee` (`idJournee`, `jour`, `demiJournee`, `idSemaine`) VALUES(36, '2020-4-24', 'matin', 4);
INSERT INTO `journee` (`idJournee`, `jour`, `demiJournee`, `idSemaine`) VALUES(37, '2020-4-27', 'matin', 5);
INSERT INTO `journee` (`idJournee`, `jour`, `demiJournee`, `idSemaine`) VALUES(38, '2020-4-27', 'après-midi', 5);
INSERT INTO `journee` (`idJournee`, `jour`, `demiJournee`, `idSemaine`) VALUES(39, '2020-4-28', 'matin', 5);
INSERT INTO `journee` (`idJournee`, `jour`, `demiJournee`, `idSemaine`) VALUES(40, '2020-4-28', 'après-midi', 5);
INSERT INTO `journee` (`idJournee`, `jour`, `demiJournee`, `idSemaine`) VALUES(41, '2020-4-29', 'matin', 5);
INSERT INTO `journee` (`idJournee`, `jour`, `demiJournee`, `idSemaine`) VALUES(42, '2020-4-29', 'après-midi', 5);
INSERT INTO `journee` (`idJournee`, `jour`, `demiJournee`, `idSemaine`) VALUES(43, '2020-4-30', 'matin', 5);
INSERT INTO `journee` (`idJournee`, `jour`, `demiJournee`, `idSemaine`) VALUES(44, '2020-4-30', 'après-midi', 5);
INSERT INTO `journee` (`idJournee`, `jour`, `demiJournee`, `idSemaine`) VALUES(45, '2020-5-1', 'matin', 5);
INSERT INTO `journee` (`idJournee`, `jour`, `demiJournee`, `idSemaine`) VALUES(46, '2020-5-4', 'matin', 6);
INSERT INTO `journee` (`idJournee`, `jour`, `demiJournee`, `idSemaine`) VALUES(47, '2020-5-4', 'après-midi', 6);
INSERT INTO `journee` (`idJournee`, `jour`, `demiJournee`, `idSemaine`) VALUES(48, '2020-5-5', 'matin', 6);
INSERT INTO `journee` (`idJournee`, `jour`, `demiJournee`, `idSemaine`) VALUES(49, '2020-5-5', 'après-midi', 6);
INSERT INTO `journee` (`idJournee`, `jour`, `demiJournee`, `idSemaine`) VALUES(50, '2020-5-6', 'matin', 6);
INSERT INTO `journee` (`idJournee`, `jour`, `demiJournee`, `idSemaine`) VALUES(51, '2020-5-6', 'après-midi', 6);
INSERT INTO `journee` (`idJournee`, `jour`, `demiJournee`, `idSemaine`) VALUES(52, '2020-5-7', 'matin', 6);
INSERT INTO `journee` (`idJournee`, `jour`, `demiJournee`, `idSemaine`) VALUES(53, '2020-5-7', 'après-midi', 6);
INSERT INTO `journee` (`idJournee`, `jour`, `demiJournee`, `idSemaine`) VALUES(54, '2020-5-8', 'matin', 6);
INSERT INTO `journee` (`idJournee`, `jour`, `demiJournee`, `idSemaine`) VALUES(55, '2020-5-11', 'matin', 7);
INSERT INTO `journee` (`idJournee`, `jour`, `demiJournee`, `idSemaine`) VALUES(56, '2020-5-11', 'après-midi', 7);
INSERT INTO `journee` (`idJournee`, `jour`, `demiJournee`, `idSemaine`) VALUES(57, '2020-5-12', 'matin', 7);
INSERT INTO `journee` (`idJournee`, `jour`, `demiJournee`, `idSemaine`) VALUES(58, '2020-5-12', 'après-midi', 7);
INSERT INTO `journee` (`idJournee`, `jour`, `demiJournee`, `idSemaine`) VALUES(59, '2020-5-13', 'matin', 7);
INSERT INTO `journee` (`idJournee`, `jour`, `demiJournee`, `idSemaine`) VALUES(60, '2020-5-13', 'après-midi', 7);
INSERT INTO `journee` (`idJournee`, `jour`, `demiJournee`, `idSemaine`) VALUES(61, '2020-5-14', 'matin', 7);
INSERT INTO `journee` (`idJournee`, `jour`, `demiJournee`, `idSemaine`) VALUES(62, '2020-5-14', 'après-midi', 7);
INSERT INTO `journee` (`idJournee`, `jour`, `demiJournee`, `idSemaine`) VALUES(63, '2020-5-15', 'matin', 7);
INSERT INTO `journee` (`idJournee`, `jour`, `demiJournee`, `idSemaine`) VALUES(64, '2020-5-18', 'matin', 8);
INSERT INTO `journee` (`idJournee`, `jour`, `demiJournee`, `idSemaine`) VALUES(65, '2020-5-18', 'après-midi', 8);
INSERT INTO `journee` (`idJournee`, `jour`, `demiJournee`, `idSemaine`) VALUES(66, '2020-5-19', 'matin', 8);
INSERT INTO `journee` (`idJournee`, `jour`, `demiJournee`, `idSemaine`) VALUES(67, '2020-5-19', 'après-midi', 8);
INSERT INTO `journee` (`idJournee`, `jour`, `demiJournee`, `idSemaine`) VALUES(68, '2020-5-20', 'matin', 8);
INSERT INTO `journee` (`idJournee`, `jour`, `demiJournee`, `idSemaine`) VALUES(69, '2020-5-20', 'après-midi', 8);
INSERT INTO `journee` (`idJournee`, `jour`, `demiJournee`, `idSemaine`) VALUES(70, '2020-5-21', 'matin', 8);
INSERT INTO `journee` (`idJournee`, `jour`, `demiJournee`, `idSemaine`) VALUES(71, '2020-5-21', 'après-midi', 8);
INSERT INTO `journee` (`idJournee`, `jour`, `demiJournee`, `idSemaine`) VALUES(72, '2020-5-22', 'matin', 8);
INSERT INTO `journee` (`idJournee`, `jour`, `demiJournee`, `idSemaine`) VALUES(73, '2020-5-25', 'matin', 9);
INSERT INTO `journee` (`idJournee`, `jour`, `demiJournee`, `idSemaine`) VALUES(74, '2020-5-25', 'après-midi', 9);
INSERT INTO `journee` (`idJournee`, `jour`, `demiJournee`, `idSemaine`) VALUES(75, '2020-5-26', 'matin', 9);
INSERT INTO `journee` (`idJournee`, `jour`, `demiJournee`, `idSemaine`) VALUES(76, '2020-5-26', 'après-midi', 9);
INSERT INTO `journee` (`idJournee`, `jour`, `demiJournee`, `idSemaine`) VALUES(77, '2020-5-27', 'matin', 9);
INSERT INTO `journee` (`idJournee`, `jour`, `demiJournee`, `idSemaine`) VALUES(78, '2020-5-27', 'après-midi', 9);
INSERT INTO `journee` (`idJournee`, `jour`, `demiJournee`, `idSemaine`) VALUES(79, '2020-5-28', 'matin', 9);
INSERT INTO `journee` (`idJournee`, `jour`, `demiJournee`, `idSemaine`) VALUES(80, '2020-5-28', 'après-midi', 9);
INSERT INTO `journee` (`idJournee`, `jour`, `demiJournee`, `idSemaine`) VALUES(81, '2020-5-29', 'matin', 9);
INSERT INTO `journee` (`idJournee`, `jour`, `demiJournee`, `idSemaine`) VALUES(82, '2020-6-1', 'matin', 10);
INSERT INTO `journee` (`idJournee`, `jour`, `demiJournee`, `idSemaine`) VALUES(83, '2020-6-1', 'après-midi', 10);
INSERT INTO `journee` (`idJournee`, `jour`, `demiJournee`, `idSemaine`) VALUES(84, '2020-6-2', 'matin', 10);
INSERT INTO `journee` (`idJournee`, `jour`, `demiJournee`, `idSemaine`) VALUES(85, '2020-6-2', 'après-midi', 10);
INSERT INTO `journee` (`idJournee`, `jour`, `demiJournee`, `idSemaine`) VALUES(86, '2020-6-3', 'matin', 10);
INSERT INTO `journee` (`idJournee`, `jour`, `demiJournee`, `idSemaine`) VALUES(87, '2020-6-3', 'après-midi', 10);
INSERT INTO `journee` (`idJournee`, `jour`, `demiJournee`, `idSemaine`) VALUES(88, '2020-6-4', 'matin', 10);
INSERT INTO `journee` (`idJournee`, `jour`, `demiJournee`, `idSemaine`) VALUES(89, '2020-6-4', 'après-midi', 10);
INSERT INTO `journee` (`idJournee`, `jour`, `demiJournee`, `idSemaine`) VALUES(90, '2020-6-5', 'matin', 10);
INSERT INTO `journee` (`idJournee`, `jour`, `demiJournee`, `idSemaine`) VALUES(91, '2020-6-8', 'matin', 11);
INSERT INTO `journee` (`idJournee`, `jour`, `demiJournee`, `idSemaine`) VALUES(92, '2020-6-8', 'après-midi', 11);
INSERT INTO `journee` (`idJournee`, `jour`, `demiJournee`, `idSemaine`) VALUES(93, '2020-6-9', 'matin', 11);
INSERT INTO `journee` (`idJournee`, `jour`, `demiJournee`, `idSemaine`) VALUES(94, '2020-6-9', 'après-midi', 11);

--
-- Déchargement des données de la table `offre`
--

INSERT INTO `offre` (`idOffre`, `idFormation`, `idFormateur`, `numOffre`) VALUES(1, 7, 13, '19149');
INSERT INTO `offre` (`idOffre`, `idFormation`, `idFormateur`, `numOffre`) VALUES(2, 4, 37, '18166');
INSERT INTO `offre` (`idOffre`, `idFormation`, `idFormateur`, `numOffre`) VALUES(3, 12, 16, '19022');
INSERT INTO `offre` (`idOffre`, `idFormation`, `idFormateur`, `numOffre`) VALUES(4, 6, 34, '19028');
INSERT INTO `offre` (`idOffre`, `idFormation`, `idFormateur`, `numOffre`) VALUES(5, 14, 7, '19036');
INSERT INTO `offre` (`idOffre`, `idFormation`, `idFormateur`, `numOffre`) VALUES(6, 18, 3, '19051');
INSERT INTO `offre` (`idOffre`, `idFormation`, `idFormateur`, `numOffre`) VALUES(7, 9, 22, '19129');
INSERT INTO `offre` (`idOffre`, `idFormation`, `idFormateur`, `numOffre`) VALUES(8, 15, 36, '19132');
INSERT INTO `offre` (`idOffre`, `idFormation`, `idFormateur`, `numOffre`) VALUES(9, 19, 39, '19133');
INSERT INTO `offre` (`idOffre`, `idFormation`, `idFormateur`, `numOffre`) VALUES(10, 1, 29, '19134');
INSERT INTO `offre` (`idOffre`, `idFormation`, `idFormateur`, `numOffre`) VALUES(11, 5, 4, '19135');
INSERT INTO `offre` (`idOffre`, `idFormation`, `idFormateur`, `numOffre`) VALUES(12, 2, 5, '19137');
INSERT INTO `offre` (`idOffre`, `idFormation`, `idFormateur`, `numOffre`) VALUES(13, 20, 33, '19138');
INSERT INTO `offre` (`idOffre`, `idFormation`, `idFormateur`, `numOffre`) VALUES(14, 8, 19, '19140');
INSERT INTO `offre` (`idOffre`, `idFormation`, `idFormateur`, `numOffre`) VALUES(15, 13, 28, '19141');
INSERT INTO `offre` (`idOffre`, `idFormation`, `idFormateur`, `numOffre`) VALUES(16, 21, 10, '19143');
INSERT INTO `offre` (`idOffre`, `idFormation`, `idFormateur`, `numOffre`) VALUES(17, 14, 11, '19144');
INSERT INTO `offre` (`idOffre`, `idFormation`, `idFormateur`, `numOffre`) VALUES(18, 7, 13, '19149');
INSERT INTO `offre` (`idOffre`, `idFormation`, `idFormateur`, `numOffre`) VALUES(19, 6, 34, '19181');
INSERT INTO `offre` (`idOffre`, `idFormation`, `idFormateur`, `numOffre`) VALUES(20, 15, 36, '19191');
INSERT INTO `offre` (`idOffre`, `idFormation`, `idFormateur`, `numOffre`) VALUES(21, 15, 36, '19202');
INSERT INTO `offre` (`idOffre`, `idFormation`, `idFormateur`, `numOffre`) VALUES(22, 15, 36, '19204');
INSERT INTO `offre` (`idOffre`, `idFormation`, `idFormateur`, `numOffre`) VALUES(23, 17, 41, '19205');
INSERT INTO `offre` (`idOffre`, `idFormation`, `idFormateur`, `numOffre`) VALUES(24, 15, 36, '19220');
INSERT INTO `offre` (`idOffre`, `idFormation`, `idFormateur`, `numOffre`) VALUES(25, 18, 3, '20001');
INSERT INTO `offre` (`idOffre`, `idFormation`, `idFormateur`, `numOffre`) VALUES(26, 11, 22, '20004');
INSERT INTO `offre` (`idOffre`, `idFormation`, `idFormateur`, `numOffre`) VALUES(27, 16, 21, '20034');
INSERT INTO `offre` (`idOffre`, `idFormation`, `idFormateur`, `numOffre`) VALUES(28, 16, 21, '20045');

--
-- Déchargement des données de la table `presence`
--

INSERT INTO `presence` (`idPresence`, `refPresence`, `libellePresence`) VALUES(1, 'FAD', 'Formation à distance');
INSERT INTO `presence` (`idPresence`, `refPresence`, `libellePresence`) VALUES(2, '97', 'Stagiaire dans l’impossibilité de suivre la formation à distance ');
INSERT INTO `presence` (`idPresence`, `refPresence`, `libellePresence`) VALUES(3, '99', 'Stagiaire qui ne se manifeste pas ');
INSERT INTO `presence` (`idPresence`, `refPresence`, `libellePresence`) VALUES(4, '05GE', 'Stagiaire  en garde d’enfant ');
INSERT INTO `presence` (`idPresence`, `refPresence`, `libellePresence`) VALUES(5, '05M', 'Stagiaire malade');

--
-- Déchargement des données de la table `semaine`
--

INSERT INTO `semaine` (`idSemaine`, `numSemaine`, `mois`) VALUES(1, 14, 'avril-20');
INSERT INTO `semaine` (`idSemaine`, `numSemaine`, `mois`) VALUES(2, 15, 'avril-20');
INSERT INTO `semaine` (`idSemaine`, `numSemaine`, `mois`) VALUES(3, 16, 'avril-20');
INSERT INTO `semaine` (`idSemaine`, `numSemaine`, `mois`) VALUES(4, 17, 'avril-20');
INSERT INTO `semaine` (`idSemaine`, `numSemaine`, `mois`) VALUES(5, 18, 'avril-20');
INSERT INTO `semaine` (`idSemaine`, `numSemaine`, `mois`) VALUES(6, 19, 'mai-20');
INSERT INTO `semaine` (`idSemaine`, `numSemaine`, `mois`) VALUES(7, 20, 'mai-20');
INSERT INTO `semaine` (`idSemaine`, `numSemaine`, `mois`) VALUES(8, 21, 'mai-20');
INSERT INTO `semaine` (`idSemaine`, `numSemaine`, `mois`) VALUES(9, 22, 'mai-20');
INSERT INTO `semaine` (`idSemaine`, `numSemaine`, `mois`) VALUES(10, 23, 'juin-20');
INSERT INTO `semaine` (`idSemaine`, `numSemaine`, `mois`) VALUES(11, 24, 'juin-20');
INSERT INTO `semaine` (`idSemaine`, `numSemaine`, `mois`) VALUES(12, 25, 'juin-20');
INSERT INTO `semaine` (`idSemaine`, `numSemaine`, `mois`) VALUES(13, 26, 'juin-20');
INSERT INTO `semaine` (`idSemaine`, `numSemaine`, `mois`) VALUES(14, 27, 'juillet-20');
INSERT INTO `semaine` (`idSemaine`, `numSemaine`, `mois`) VALUES(15, 28, 'juillet-20');
INSERT INTO `semaine` (`idSemaine`, `numSemaine`, `mois`) VALUES(16, 29, 'juillet-20');
INSERT INTO `semaine` (`idSemaine`, `numSemaine`, `mois`) VALUES(17, 30, 'juillet-20');
INSERT INTO `semaine` (`idSemaine`, `numSemaine`, `mois`) VALUES(18, 31, 'juillet-20');

--
-- Déchargement des données de la table `stagiaire`
--

INSERT INTO `stagiaire` (`idStagiaire`, `nom`, `prenom`, `motDePasse`, `numBenef`, `idOffre`, `role`) VALUES(1, 'DE MOURA', 'PAUL', '534b479a80f0505ac8bed074d73481ae', '19073367', 4, 1);
INSERT INTO `stagiaire` (`idStagiaire`, `nom`, `prenom`, `motDePasse`, `numBenef`, `idOffre`, `role`) VALUES(2, 'DE NY', 'ARTHUR', 'fc364abd58d838273fae2dca3c8c7333', '19059063', 4, 1);
INSERT INTO `stagiaire` (`idStagiaire`, `nom`, `prenom`, `motDePasse`, `numBenef`, `idOffre`, `role`) VALUES(3, 'DESTOMBES', 'FLORIAN', 'c03dd042ec8704ff39ff5ee98ae13a0c', '19059068', 4, 1);
INSERT INTO `stagiaire` (`idStagiaire`, `nom`, `prenom`, `motDePasse`, `numBenef`, `idOffre`, `role`) VALUES(4, 'GROUST', 'NICOLAS', '50e293888b26c834745f44915a49c636', '19059061', 4, 1);
INSERT INTO `stagiaire` (`idStagiaire`, `nom`, `prenom`, `motDePasse`, `numBenef`, `idOffre`, `role`) VALUES(5, 'MAIK', 'JULIEN', '9c4fca2c14111c01a046161490a59c34', '19059054', 4, 1);
INSERT INTO `stagiaire` (`idStagiaire`, `nom`, `prenom`, `motDePasse`, `numBenef`, `idOffre`, `role`) VALUES(6, 'RAOULT', 'DAMIEN', '3873aab74e5830562ccae749ae67c253', '19059057', 4, 1);
INSERT INTO `stagiaire` (`idStagiaire`, `nom`, `prenom`, `motDePasse`, `numBenef`, `idOffre`, `role`) VALUES(7, 'RODRIGUES', 'GUILLAUME', '9f9c2ea91b70780d001ca76073e2380f', '19059070', 4, 1);
INSERT INTO `stagiaire` (`idStagiaire`, `nom`, `prenom`, `motDePasse`, `numBenef`, `idOffre`, `role`) VALUES(8, 'SARGSYAN', 'SUREN', '7f7775eefcea4df0e98249069db9cb09', '19001130', 4, 1);
INSERT INTO `stagiaire` (`idStagiaire`, `nom`, `prenom`, `motDePasse`, `numBenef`, `idOffre`, `role`) VALUES(9, 'ISSENGUEL', 'DOMINGOS', 'c80ff1af2e4641ca72f619548f525552', '19055674', 4, 1);
INSERT INTO `stagiaire` (`idStagiaire`, `nom`, `prenom`, `motDePasse`, `numBenef`, `idOffre`, `role`) VALUES(10, 'OBA ZANGA', 'OBERLIN', '87fc06a997dc73fff1cf00c4067dcf62', '18131623', 4, 1);
INSERT INTO `stagiaire` (`idStagiaire`, `nom`, `prenom`, `motDePasse`, `numBenef`, `idOffre`, `role`) VALUES(11, 'BARENNE', 'LAURE', '21386df448a6c1fee9cd014895c472f3', '19129535', 12, 1);
INSERT INTO `stagiaire` (`idStagiaire`, `nom`, `prenom`, `motDePasse`, `numBenef`, `idOffre`, `role`) VALUES(12, 'DENOYELLE', 'AMELIE', '700be8e95aac8f322f6c1232b77216eb', '19124847', 12, 1);
INSERT INTO `stagiaire` (`idStagiaire`, `nom`, `prenom`, `motDePasse`, `numBenef`, `idOffre`, `role`) VALUES(13, 'DESCHILDRE', 'FREDERIC', 'f101b08d120e39fe77ef15087e78bc0a', '19129549', 12, 1);
INSERT INTO `stagiaire` (`idStagiaire`, `nom`, `prenom`, `motDePasse`, `numBenef`, `idOffre`, `role`) VALUES(14, 'DUFOUR', 'DAVID', '921d8afd900e4a0ebd82984595447bd6', '19129518', 12, 1);
INSERT INTO `stagiaire` (`idStagiaire`, `nom`, `prenom`, `motDePasse`, `numBenef`, `idOffre`, `role`) VALUES(15, 'ENGAMBA', 'HANNA', 'a73fd7e12255e6128a4fc8021b1940f7', '19129490', 12, 1);
INSERT INTO `stagiaire` (`idStagiaire`, `nom`, `prenom`, `motDePasse`, `numBenef`, `idOffre`, `role`) VALUES(16, 'LEMAIRE', 'ANGELIQUE', '60e71a12432fac24ace8d20d4c088ba1', '19129461', 12, 1);
INSERT INTO `stagiaire` (`idStagiaire`, `nom`, `prenom`, `motDePasse`, `numBenef`, `idOffre`, `role`) VALUES(17, 'MEESEMAECKER', 'MEGANE', '1574fe2fd8d714507cf6ccc0d599ee43', '19129486', 12, 1);
INSERT INTO `stagiaire` (`idStagiaire`, `nom`, `prenom`, `motDePasse`, `numBenef`, `idOffre`, `role`) VALUES(18, 'MEULLEMIESTRE', 'CATHERINE', '6e4a79574bc0385d68a7cf5695289c9e', '19129497', 12, 1);
INSERT INTO `stagiaire` (`idStagiaire`, `nom`, `prenom`, `motDePasse`, `numBenef`, `idOffre`, `role`) VALUES(19, 'MOREAU', 'JOSUE', '48212101022e960e2940d8af708bdaeb', '19129560', 12, 1);
INSERT INTO `stagiaire` (`idStagiaire`, `nom`, `prenom`, `motDePasse`, `numBenef`, `idOffre`, `role`) VALUES(20, 'SAUVAGE', 'MATTHIEU', 'b201c2d3caacbf012adb9ad8b09f057b', '19129504', 12, 1);
INSERT INTO `stagiaire` (`idStagiaire`, `nom`, `prenom`, `motDePasse`, `numBenef`, `idOffre`, `role`) VALUES(21, 'TOUSSAINT', 'JEAN-BAPTISTE', 'd21350928b3d47a8c2c240e9dc8bf632', '19135951', 12, 1);
INSERT INTO `stagiaire` (`idStagiaire`, `nom`, `prenom`, `motDePasse`, `numBenef`, `idOffre`, `role`) VALUES(22, 'CHAUSSOY', 'ADRIEN', 'f65fb08fdae91be750cad91a2ee65374', '19088209', 6, 1);
INSERT INTO `stagiaire` (`idStagiaire`, `nom`, `prenom`, `motDePasse`, `numBenef`, `idOffre`, `role`) VALUES(23, 'COLLE', 'MARVIN', '20d82098a1412b49687be972c8674e0e', '19088208', 6, 1);
INSERT INTO `stagiaire` (`idStagiaire`, `nom`, `prenom`, `motDePasse`, `numBenef`, `idOffre`, `role`) VALUES(24, 'MZE BOINA', 'NASMA', 'e47694fd60dea14fbc69cd8721caf3d0', '19088200', 6, 1);
INSERT INTO `stagiaire` (`idStagiaire`, `nom`, `prenom`, `motDePasse`, `numBenef`, `idOffre`, `role`) VALUES(25, 'PATTAN', 'SINHA', '83936f4d4ad7ed2f3e40bafdbb8006e4', '08134945', 6, 1);
INSERT INTO `stagiaire` (`idStagiaire`, `nom`, `prenom`, `motDePasse`, `numBenef`, `idOffre`, `role`) VALUES(26, 'ROBAEY', 'YANNICK', 'bb65c1ce0283817f907a23bfd7fed65b', '19090175', 6, 1);
INSERT INTO `stagiaire` (`idStagiaire`, `nom`, `prenom`, `motDePasse`, `numBenef`, `idOffre`, `role`) VALUES(27, 'ROUSSELLE', 'ROMAIN', '4c9afc353f94dec9976693ed2f9e08c9', '19088198', 6, 1);
INSERT INTO `stagiaire` (`idStagiaire`, `nom`, `prenom`, `motDePasse`, `numBenef`, `idOffre`, `role`) VALUES(28, 'VEROVE', 'BRANDON', '6fd0c15ba29a111d341c3de8d810e02f', '19088204', 6, 1);
INSERT INTO `stagiaire` (`idStagiaire`, `nom`, `prenom`, `motDePasse`, `numBenef`, `idOffre`, `role`) VALUES(29, 'AHAMADA LOUFTI', 'SAADIA', '73672e395bc7cce9565abfb2a008a8aa', '19084150', 6, 1);
INSERT INTO `stagiaire` (`idStagiaire`, `nom`, `prenom`, `motDePasse`, `numBenef`, `idOffre`, `role`) VALUES(30, 'AHMED', 'ALEXIA', 'fac1972d2fd797bd833276f947608f98', '19118554', 14, 1);
INSERT INTO `stagiaire` (`idStagiaire`, `nom`, `prenom`, `motDePasse`, `numBenef`, `idOffre`, `role`) VALUES(31, 'GUILBERT', 'ANNE SOPHIE', '356592ca3e1383d404311274efa4544a', '19104847', 14, 1);
INSERT INTO `stagiaire` (`idStagiaire`, `nom`, `prenom`, `motDePasse`, `numBenef`, `idOffre`, `role`) VALUES(32, 'GUILLEMOT', 'MARLENE', '0fc7cf6eec32aed9c88f1dbe4f2a1bbc', '19104879', 14, 1);
INSERT INTO `stagiaire` (`idStagiaire`, `nom`, `prenom`, `motDePasse`, `numBenef`, `idOffre`, `role`) VALUES(33, 'HUMBLOT', 'NADJIMAT', '71079ab7e80d7e4982ece9ab78d82ba4', '19105319', 14, 1);
INSERT INTO `stagiaire` (`idStagiaire`, `nom`, `prenom`, `motDePasse`, `numBenef`, `idOffre`, `role`) VALUES(34, 'LEFÈVRE', 'JADE', 'baf4022902824363193e5076aebde93b', '19104872', 14, 1);
INSERT INTO `stagiaire` (`idStagiaire`, `nom`, `prenom`, `motDePasse`, `numBenef`, `idOffre`, `role`) VALUES(35, 'OUSSET', 'ARNAUD', 'bcd97bfad98b5a8787077c9420e6c7a4', '19123785', 14, 1);
INSERT INTO `stagiaire` (`idStagiaire`, `nom`, `prenom`, `motDePasse`, `numBenef`, `idOffre`, `role`) VALUES(36, 'PHILIPPE', 'SANDRINE', '04059f060de5665b638b31493b83d39c', '19105277', 14, 1);
INSERT INTO `stagiaire` (`idStagiaire`, `nom`, `prenom`, `motDePasse`, `numBenef`, `idOffre`, `role`) VALUES(37, 'POUWELS', 'DANIELLA', '03e97eea242d31a785e2b242aef0c582', '19121754', 14, 1);
INSERT INTO `stagiaire` (`idStagiaire`, `nom`, `prenom`, `motDePasse`, `numBenef`, `idOffre`, `role`) VALUES(38, 'TURBOT', 'JULIE', '8e550a10be0061aba3c9057f8f4769c9', '16156520', 14, 1);
INSERT INTO `stagiaire` (`idStagiaire`, `nom`, `prenom`, `motDePasse`, `numBenef`, `idOffre`, `role`) VALUES(39, 'TYROU', 'MARYLINE', '3952be6efe2eb9f683f5cd10128ac4f1', '19105285', 14, 1);
INSERT INTO `stagiaire` (`idStagiaire`, `nom`, `prenom`, `motDePasse`, `numBenef`, `idOffre`, `role`) VALUES(40, 'WARNIER', 'CATHY', '05afdc3923c60d6bf7b45f3b265407df', '19105290', 14, 1);
INSERT INTO `stagiaire` (`idStagiaire`, `nom`, `prenom`, `motDePasse`, `numBenef`, `idOffre`, `role`) VALUES(41, 'MARCQ', 'ISABELLE', '74d01f602793706c5f3a7fd09cc7d575', '19135115', 18, 1);
INSERT INTO `stagiaire` (`idStagiaire`, `nom`, `prenom`, `motDePasse`, `numBenef`, `idOffre`, `role`) VALUES(42, 'NOYELLE', 'LAURE', 'eee4fd716f0480cf99682ef9201885a0', '19135094', 18, 1);
INSERT INTO `stagiaire` (`idStagiaire`, `nom`, `prenom`, `motDePasse`, `numBenef`, `idOffre`, `role`) VALUES(43, 'ALLAIN', 'NICOLAS', 'd5f8027b6308a122e62c917c7bd6e4d2', '19129803', 9, 1);
INSERT INTO `stagiaire` (`idStagiaire`, `nom`, `prenom`, `motDePasse`, `numBenef`, `idOffre`, `role`) VALUES(44, 'CORDONNIER', 'LAURENT', '313ece3373d3b612fb46931ee978b2ba', '18073132', 9, 1);
INSERT INTO `stagiaire` (`idStagiaire`, `nom`, `prenom`, `motDePasse`, `numBenef`, `idOffre`, `role`) VALUES(45, 'COULIBALY', 'SOULEYMANE', '1666344a32a78fe4c6d3d375444cc4c2', '19129719', 9, 1);
INSERT INTO `stagiaire` (`idStagiaire`, `nom`, `prenom`, `motDePasse`, `numBenef`, `idOffre`, `role`) VALUES(46, 'DUBOS', 'ROMAIN', '3d7c10ef6815d3ba57327bd40f6820e4', '19129910', 9, 1);
INSERT INTO `stagiaire` (`idStagiaire`, `nom`, `prenom`, `motDePasse`, `numBenef`, `idOffre`, `role`) VALUES(47, 'HASSINI', 'TAOUFIK', '5020965890f1256b524e67300f6eeb78', '19129710', 9, 1);
INSERT INTO `stagiaire` (`idStagiaire`, `nom`, `prenom`, `motDePasse`, `numBenef`, `idOffre`, `role`) VALUES(48, 'HENON', 'RUDY', '198584a1bdb60c6f43327c7469ae3dd2', '19129829', 9, 1);
INSERT INTO `stagiaire` (`idStagiaire`, `nom`, `prenom`, `motDePasse`, `numBenef`, `idOffre`, `role`) VALUES(49, 'HOUSIEAUX', 'ROMUALD', '1e2a0d1c6bc7d2c3ecb5de7e5bee6918', '08051024', 9, 1);
INSERT INTO `stagiaire` (`idStagiaire`, `nom`, `prenom`, `motDePasse`, `numBenef`, `idOffre`, `role`) VALUES(50, 'LEMOINE', 'FABRICE', '24c897e71d6e8d93cd949e05586adb94', '19129797', 9, 1);
INSERT INTO `stagiaire` (`idStagiaire`, `nom`, `prenom`, `motDePasse`, `numBenef`, `idOffre`, `role`) VALUES(51, 'LOYER', 'JEROME', '57f2e4d329c4e3fe491f1d180a79d95f', '19073812', 9, 1);
INSERT INTO `stagiaire` (`idStagiaire`, `nom`, `prenom`, `motDePasse`, `numBenef`, `idOffre`, `role`) VALUES(52, 'SIWEK', 'JEREMY', '8b529d22bffd4d1cc20516f334de4794', '19129916', 9, 1);
INSERT INTO `stagiaire` (`idStagiaire`, `nom`, `prenom`, `motDePasse`, `numBenef`, `idOffre`, `role`) VALUES(53, 'VERLOMME', 'CLEMENT', 'f96795835a5ec2ee7b2181a1ca8c30b0', '19129721', 9, 1);
INSERT INTO `stagiaire` (`idStagiaire`, `nom`, `prenom`, `motDePasse`, `numBenef`, `idOffre`, `role`) VALUES(54, 'REMY', 'BRIAN', '1b412610eb5385461750359f5040364c', '19133825', 9, 1);
INSERT INTO `stagiaire` (`idStagiaire`, `nom`, `prenom`, `motDePasse`, `numBenef`, `idOffre`, `role`) VALUES(55, 'AFAKIR', 'ABDOULHA', '7c9d0e5786eea2f207690cadc07786b6', '19095744', 15, 1);
INSERT INTO `stagiaire` (`idStagiaire`, `nom`, `prenom`, `motDePasse`, `numBenef`, `idOffre`, `role`) VALUES(56, 'AHMINE', 'YOUNES', 'a66be93af582cddf843d3bbbe2129af8', '19095759', 15, 1);
INSERT INTO `stagiaire` (`idStagiaire`, `nom`, `prenom`, `motDePasse`, `numBenef`, `idOffre`, `role`) VALUES(57, 'BAIRY ONAPA', 'SAMUEL', 'a2e00348cab7ce3194bbdf57df98f1a8', '19097800', 15, 1);
INSERT INTO `stagiaire` (`idStagiaire`, `nom`, `prenom`, `motDePasse`, `numBenef`, `idOffre`, `role`) VALUES(58, 'BATAILLE', 'JEAN YVES', 'a87e82b6ed024642cb32862be6343d7f', '19097817', 15, 1);
INSERT INTO `stagiaire` (`idStagiaire`, `nom`, `prenom`, `motDePasse`, `numBenef`, `idOffre`, `role`) VALUES(59, 'BOUCLET', 'JIMMY', '6830836d43b995ab67bd2941ef49f23d', '19066605', 15, 1);
INSERT INTO `stagiaire` (`idStagiaire`, `nom`, `prenom`, `motDePasse`, `numBenef`, `idOffre`, `role`) VALUES(60, 'DUCROCQ', 'HICHAM', '776810baa22d5ff86344e2ccd6e655f4', '19095764', 15, 1);
INSERT INTO `stagiaire` (`idStagiaire`, `nom`, `prenom`, `motDePasse`, `numBenef`, `idOffre`, `role`) VALUES(61, 'GREVIN', 'FRANCOIS', 'b992efb8a6a1d8aec8c7e355463e0120', '19095798', 15, 1);
INSERT INTO `stagiaire` (`idStagiaire`, `nom`, `prenom`, `motDePasse`, `numBenef`, `idOffre`, `role`) VALUES(62, 'JOLY', 'STEPHANE', 'eaa71cba433463c163d512d48376b05a', '19097811', 15, 1);
INSERT INTO `stagiaire` (`idStagiaire`, `nom`, `prenom`, `motDePasse`, `numBenef`, `idOffre`, `role`) VALUES(63, 'MARTEEL', 'ANDRE', 'c1c7331a11eaf5a8d57af6c82072cb65', '19095789', 15, 1);
INSERT INTO `stagiaire` (`idStagiaire`, `nom`, `prenom`, `motDePasse`, `numBenef`, `idOffre`, `role`) VALUES(64, 'MILLIEN', 'DYLAN', '91dba8e66e45e6c38afcb30f0d6752aa', '19095777', 15, 1);
INSERT INTO `stagiaire` (`idStagiaire`, `nom`, `prenom`, `motDePasse`, `numBenef`, `idOffre`, `role`) VALUES(65, 'PRUDHOMME', 'DAVID', '9d6476db81686f96f6b914cc338cd288', '19095774', 15, 1);
INSERT INTO `stagiaire` (`idStagiaire`, `nom`, `prenom`, `motDePasse`, `numBenef`, `idOffre`, `role`) VALUES(66, 'SENDZINSKA', 'RÉGIS', '1886606e012d6f779a8d531896599cd0', '19095754', 15, 1);
INSERT INTO `stagiaire` (`idStagiaire`, `nom`, `prenom`, `motDePasse`, `numBenef`, `idOffre`, `role`) VALUES(67, 'SERIEN', 'JEAN-BENOÎT', 'cf62bda3b351ac28131a4f6ac9aa48c4', '19095761', 15, 1);
INSERT INTO `stagiaire` (`idStagiaire`, `nom`, `prenom`, `motDePasse`, `numBenef`, `idOffre`, `role`) VALUES(68, 'VERBANCK', 'VINCENT', '7bd32bad81126e4da6eb8173b2ffbb6a', '19097471', 15, 1);
INSERT INTO `stagiaire` (`idStagiaire`, `nom`, `prenom`, `motDePasse`, `numBenef`, `idOffre`, `role`) VALUES(69, 'BERNARD', 'SOFIAN', '4ce693cb358630360db56ba758f1f385', '19114132', 19, 1);
INSERT INTO `stagiaire` (`idStagiaire`, `nom`, `prenom`, `motDePasse`, `numBenef`, `idOffre`, `role`) VALUES(70, 'CHAOUI', 'AHMED', 'df9aac24396dcabf4fa2b2ed7f04c9a2', '19114119', 19, 1);
INSERT INTO `stagiaire` (`idStagiaire`, `nom`, `prenom`, `motDePasse`, `numBenef`, `idOffre`, `role`) VALUES(71, 'CHEKAIRI', 'MOHAMED', 'e310b16914ecf2f951ff0ee913ce6472', '19118046', 19, 1);
INSERT INTO `stagiaire` (`idStagiaire`, `nom`, `prenom`, `motDePasse`, `numBenef`, `idOffre`, `role`) VALUES(72, 'DUPONT', 'AURÉLIEN', '82f38d84a64bddfcc099ed1949fac88b', '19116879', 19, 1);
INSERT INTO `stagiaire` (`idStagiaire`, `nom`, `prenom`, `motDePasse`, `numBenef`, `idOffre`, `role`) VALUES(73, 'GHESQUIER', 'STEPHANE', '381a16091f07208c0aea7ef15988021a', '19114134', 19, 1);
INSERT INTO `stagiaire` (`idStagiaire`, `nom`, `prenom`, `motDePasse`, `numBenef`, `idOffre`, `role`) VALUES(74, 'JAAFAR', 'ABBAS', '299ec2ada1ab35235f71c79bdd3b106c', '19116707', 19, 1);
INSERT INTO `stagiaire` (`idStagiaire`, `nom`, `prenom`, `motDePasse`, `numBenef`, `idOffre`, `role`) VALUES(75, 'MAURIN', 'YVES', 'af1cf5e6524bce4311f632029d8ac332', '19114131', 19, 1);
INSERT INTO `stagiaire` (`idStagiaire`, `nom`, `prenom`, `motDePasse`, `numBenef`, `idOffre`, `role`) VALUES(76, 'NEKHOUL', 'IBRAHIM', '975b3b6ac6ad5282043aed43002efb8a', '19114108', 19, 1);
INSERT INTO `stagiaire` (`idStagiaire`, `nom`, `prenom`, `motDePasse`, `numBenef`, `idOffre`, `role`) VALUES(77, 'TALON', 'JORDAN', 'bf00b4334a82c0dbf39a6ede3deb3aa8', '19114099', 19, 1);
INSERT INTO `stagiaire` (`idStagiaire`, `nom`, `prenom`, `motDePasse`, `numBenef`, `idOffre`, `role`) VALUES(78, 'TISON', 'BRUNO', 'a53aca12603d9a53273d9b076a77a925', '19118053', 19, 1);
INSERT INTO `stagiaire` (`idStagiaire`, `nom`, `prenom`, `motDePasse`, `numBenef`, `idOffre`, `role`) VALUES(79, 'TRAMATZU', 'THOMAS', '3cc2cda690b67fed941b161ba48ee91b', '19114129', 19, 1);
INSERT INTO `stagiaire` (`idStagiaire`, `nom`, `prenom`, `motDePasse`, `numBenef`, `idOffre`, `role`) VALUES(80, 'VANENGELANDT', 'VALENTIN', 'aa1da9ef082d7a40759737ad5838f43b', '19114123', 19, 1);
INSERT INTO `stagiaire` (`idStagiaire`, `nom`, `prenom`, `motDePasse`, `numBenef`, `idOffre`, `role`) VALUES(81, 'VERPOORT', 'JONATHAN', 'a5a67b3678deb39a13ccff3e9705528f', '19114104', 19, 1);
INSERT INTO `stagiaire` (`idStagiaire`, `nom`, `prenom`, `motDePasse`, `numBenef`, `idOffre`, `role`) VALUES(82, 'AMICHI', 'NABIL', 'ab62689870c31bb2443bfe3f49391413', '19124666', 1, 1);
INSERT INTO `stagiaire` (`idStagiaire`, `nom`, `prenom`, `motDePasse`, `numBenef`, `idOffre`, `role`) VALUES(83, 'BEN MARZOUK', 'YOUSRA', 'ceef6533e9461dfde2908ea7dd887d4f', '19124625', 1, 1);
INSERT INTO `stagiaire` (`idStagiaire`, `nom`, `prenom`, `motDePasse`, `numBenef`, `idOffre`, `role`) VALUES(84, 'COLIN', 'MATHYS', 'abbcc033ba7989ce9195cb6f6cc67b8c', '19125649', 1, 1);
INSERT INTO `stagiaire` (`idStagiaire`, `nom`, `prenom`, `motDePasse`, `numBenef`, `idOffre`, `role`) VALUES(85, 'DELEFORGE', 'NICOLAS', '4d84d31fb00b624d9fb6fca99de73b90', '18056502', 1, 1);
INSERT INTO `stagiaire` (`idStagiaire`, `nom`, `prenom`, `motDePasse`, `numBenef`, `idOffre`, `role`) VALUES(86, 'DOMAIN', 'LOIC', '520bb38c0ef6406487f075b5fe82fa7a', '19124694', 1, 1);
INSERT INTO `stagiaire` (`idStagiaire`, `nom`, `prenom`, `motDePasse`, `numBenef`, `idOffre`, `role`) VALUES(87, 'FONTAINE', 'BENJAMIN', '5f56777b7eac2a47885ce29d4de74d00', '19124703', 1, 1);
INSERT INTO `stagiaire` (`idStagiaire`, `nom`, `prenom`, `motDePasse`, `numBenef`, `idOffre`, `role`) VALUES(88, 'MAES', 'JASON', '54c637f30806ea898805cf9c69f27482', '19124617', 1, 1);
INSERT INTO `stagiaire` (`idStagiaire`, `nom`, `prenom`, `motDePasse`, `numBenef`, `idOffre`, `role`) VALUES(89, 'MAQUINGHEN', 'MEDERIC', '1829d5324c910594272404e39ad76811', '19126052', 1, 1);
INSERT INTO `stagiaire` (`idStagiaire`, `nom`, `prenom`, `motDePasse`, `numBenef`, `idOffre`, `role`) VALUES(90, 'MONTIEL', 'NATHANAEL', '7c5bffebbe2401dc8be9be5993d956d2', '19124671', 1, 1);
INSERT INTO `stagiaire` (`idStagiaire`, `nom`, `prenom`, `motDePasse`, `numBenef`, `idOffre`, `role`) VALUES(91, 'POSON', 'ALAN', 'd321113177e13112fe48791a612076ac', '19124605', 1, 1);
INSERT INTO `stagiaire` (`idStagiaire`, `nom`, `prenom`, `motDePasse`, `numBenef`, `idOffre`, `role`) VALUES(92, 'PUHETINI', 'MAXENCE', '1d064c17c06fbe65db0e713c932e2671', '19126179', 1, 1);
INSERT INTO `stagiaire` (`idStagiaire`, `nom`, `prenom`, `motDePasse`, `numBenef`, `idOffre`, `role`) VALUES(93, 'SAHIN', 'VESSILYA', '59a61b62468ce0c3287d24664b2411aa', '19124701', 1, 1);
INSERT INTO `stagiaire` (`idStagiaire`, `nom`, `prenom`, `motDePasse`, `numBenef`, `idOffre`, `role`) VALUES(94, 'VERAGHE', 'ALISON', '7b75f730e050799d7f2013d6c313fd79', '17068850', 1, 1);
INSERT INTO `stagiaire` (`idStagiaire`, `nom`, `prenom`, `motDePasse`, `numBenef`, `idOffre`, `role`) VALUES(95, 'WILLIART', 'BAPTISTE', 'f2c06529bf692b28bf1e02015fc3b0e0', '19124708', 1, 1);
INSERT INTO `stagiaire` (`idStagiaire`, `nom`, `prenom`, `motDePasse`, `numBenef`, `idOffre`, `role`) VALUES(96, 'ALLEBEE', 'SEBASTIEN', 'e7ca20bd00be256136fc5157e55d261d', '19130587', 5, 1);
INSERT INTO `stagiaire` (`idStagiaire`, `nom`, `prenom`, `motDePasse`, `numBenef`, `idOffre`, `role`) VALUES(97, 'BOUSSALIA', 'ZOHEIR', 'c07ca96799a281e3216206881e7b4a8e', '16146185', 5, 1);
INSERT INTO `stagiaire` (`idStagiaire`, `nom`, `prenom`, `motDePasse`, `numBenef`, `idOffre`, `role`) VALUES(98, 'DUTILLY', 'CEDRIC', '7e73f583a5f0ad28ae3e836ecf4a5cf1', '19130261', 5, 1);
INSERT INTO `stagiaire` (`idStagiaire`, `nom`, `prenom`, `motDePasse`, `numBenef`, `idOffre`, `role`) VALUES(99, 'FAUCHOIT', 'MELYNE', 'a969bf75067db813c1669e22358be073', '20002388', 5, 1);
INSERT INTO `stagiaire` (`idStagiaire`, `nom`, `prenom`, `motDePasse`, `numBenef`, `idOffre`, `role`) VALUES(100, 'KANDZA', 'CHRIS ANA-MAR', 'd2f4eda024ef35c80adc3767e864a066', '19130551', 5, 1);
INSERT INTO `stagiaire` (`idStagiaire`, `nom`, `prenom`, `motDePasse`, `numBenef`, `idOffre`, `role`) VALUES(101, 'LEBRUN', 'MICKAEL', '7b5cb78ac33df26e31be15f18e2a62a2', '19107089', 5, 1);
INSERT INTO `stagiaire` (`idStagiaire`, `nom`, `prenom`, `motDePasse`, `numBenef`, `idOffre`, `role`) VALUES(102, 'LUONG', 'SAY', '762984f596c31e4148abbd23c050ec70', '19130263', 5, 1);
INSERT INTO `stagiaire` (`idStagiaire`, `nom`, `prenom`, `motDePasse`, `numBenef`, `idOffre`, `role`) VALUES(103, 'MEKILSEN', 'KEVIN', '8bff8c529b795657f7fc238c7eaa0698', '19137522', 5, 1);
INSERT INTO `stagiaire` (`idStagiaire`, `nom`, `prenom`, `motDePasse`, `numBenef`, `idOffre`, `role`) VALUES(104, 'PATFOORT', 'CEDRIC', '37f1d5dee2b130a5e7d7dc8cadf17bfa', '19130570', 5, 1);
INSERT INTO `stagiaire` (`idStagiaire`, `nom`, `prenom`, `motDePasse`, `numBenef`, `idOffre`, `role`) VALUES(105, 'SBAAI', 'ISSAM', '1ed0d6bcf0f7598cc66aebdb3f282285', '20002360', 5, 1);
INSERT INTO `stagiaire` (`idStagiaire`, `nom`, `prenom`, `motDePasse`, `numBenef`, `idOffre`, `role`) VALUES(106, 'TAINE', 'LOIC', '1ab248ea3ba63dfa5f4e93a1503c8494', '19130579', 5, 1);
INSERT INTO `stagiaire` (`idStagiaire`, `nom`, `prenom`, `motDePasse`, `numBenef`, `idOffre`, `role`) VALUES(107, 'THERY', 'BENJAMIN', '2d2c35bdae69d7efff4a2c1ff4907365', '18125656', 5, 1);
INSERT INTO `stagiaire` (`idStagiaire`, `nom`, `prenom`, `motDePasse`, `numBenef`, `idOffre`, `role`) VALUES(108, 'KUREZOBA', 'LISA', 'a7c143f76ccec8f53a06f62b63d10c17', '19099263', 2, 1);
INSERT INTO `stagiaire` (`idStagiaire`, `nom`, `prenom`, `motDePasse`, `numBenef`, `idOffre`, `role`) VALUES(109, 'BAUDSON', 'SYLVIE', '80c79e66d5a23262acc0334cbc4af22f', '19118210', 2, 1);
INSERT INTO `stagiaire` (`idStagiaire`, `nom`, `prenom`, `motDePasse`, `numBenef`, `idOffre`, `role`) VALUES(110, 'BENKOUCHANE', 'ZAHRA', '1f30a9455ee1c53283f9e9c4513568fd', '19118217', 2, 1);
INSERT INTO `stagiaire` (`idStagiaire`, `nom`, `prenom`, `motDePasse`, `numBenef`, `idOffre`, `role`) VALUES(111, 'BOUTEILLE', 'LAETITIA', 'c38944ab0f697912523d8294c709ce95', '19120922', 2, 1);
INSERT INTO `stagiaire` (`idStagiaire`, `nom`, `prenom`, `motDePasse`, `numBenef`, `idOffre`, `role`) VALUES(112, 'CAUVIN', 'VALENTINE', '2ed912d5b8f3eeee6c5d80ebd23f62ac', '19118162', 2, 1);
INSERT INTO `stagiaire` (`idStagiaire`, `nom`, `prenom`, `motDePasse`, `numBenef`, `idOffre`, `role`) VALUES(113, 'CHUFFART', 'SYLVIE', '9ea67f975562c87d56ce3a8ba53e5baa', '19118586', 2, 1);
INSERT INTO `stagiaire` (`idStagiaire`, `nom`, `prenom`, `motDePasse`, `numBenef`, `idOffre`, `role`) VALUES(114, 'DANGREAUX', 'ANNE-LISE', '1fbf74a37173e6f6b5b3945daafc130b', '19118160', 2, 1);
INSERT INTO `stagiaire` (`idStagiaire`, `nom`, `prenom`, `motDePasse`, `numBenef`, `idOffre`, `role`) VALUES(115, 'DENUNCQ', 'ISABELLE', 'c8682e035404772736b840a7ed713d7a', '19118590', 2, 1);
INSERT INTO `stagiaire` (`idStagiaire`, `nom`, `prenom`, `motDePasse`, `numBenef`, `idOffre`, `role`) VALUES(116, 'DUBUISSON', 'MARIE', '17741303aed3c2882ce777f076ecf20a', '19118169', 2, 1);
INSERT INTO `stagiaire` (`idStagiaire`, `nom`, `prenom`, `motDePasse`, `numBenef`, `idOffre`, `role`) VALUES(117, 'DUREZ', 'ISABELLE', '94dd71ddbdf2e095f521069e18ae147c', '19118578', 2, 1);
INSERT INTO `stagiaire` (`idStagiaire`, `nom`, `prenom`, `motDePasse`, `numBenef`, `idOffre`, `role`) VALUES(118, 'FABIS', 'JULIETTE', '8750d367b5c54327a10c20356bd7800a', '19118164', 2, 1);
INSERT INTO `stagiaire` (`idStagiaire`, `nom`, `prenom`, `motDePasse`, `numBenef`, `idOffre`, `role`) VALUES(119, 'FAUCONNIER', 'DAISY', 'b30c5c6d59595658938b71508b1911bc', '19118231', 2, 1);
INSERT INTO `stagiaire` (`idStagiaire`, `nom`, `prenom`, `motDePasse`, `numBenef`, `idOffre`, `role`) VALUES(120, 'FAVRESSE', 'ANGELIQUE', '0f528d2b8d4627c7c574da2d57ef1d4b', '19118166', 2, 1);
INSERT INTO `stagiaire` (`idStagiaire`, `nom`, `prenom`, `motDePasse`, `numBenef`, `idOffre`, `role`) VALUES(121, 'FICQUET', 'SEVERINE', 'ee4133b9101b6c35eaba383783c6aa85', '19118240', 2, 1);
INSERT INTO `stagiaire` (`idStagiaire`, `nom`, `prenom`, `motDePasse`, `numBenef`, `idOffre`, `role`) VALUES(122, 'SAILLY', 'PEGGY', '61bd8c0f51dc532c3c7d80b07b3b5e88', '19118225', 2, 1);
INSERT INTO `stagiaire` (`idStagiaire`, `nom`, `prenom`, `motDePasse`, `numBenef`, `idOffre`, `role`) VALUES(123, 'TESSON', 'BRIGITTE', 'b9387276c6e09997cffc2ef28cb43433', '19118254', 2, 1);
INSERT INTO `stagiaire` (`idStagiaire`, `nom`, `prenom`, `motDePasse`, `numBenef`, `idOffre`, `role`) VALUES(124, 'BERTONCINI', 'FLORENT', 'a4e351eec3bf8680a6360667f61ec914', '19132050', 20, 1);
INSERT INTO `stagiaire` (`idStagiaire`, `nom`, `prenom`, `motDePasse`, `numBenef`, `idOffre`, `role`) VALUES(125, 'DELVAL', 'JEMMY', '2fbc1f4bd5f3f1c3c48dc27188279a73', '19131850', 20, 1);
INSERT INTO `stagiaire` (`idStagiaire`, `nom`, `prenom`, `motDePasse`, `numBenef`, `idOffre`, `role`) VALUES(126, 'FROMENT', 'MATHIEU', 'cb0dceb80b8776884d9b4746bcf035ab', '19137693', 20, 1);
INSERT INTO `stagiaire` (`idStagiaire`, `nom`, `prenom`, `motDePasse`, `numBenef`, `idOffre`, `role`) VALUES(127, 'GAGNANT', 'JEREMY', 'ad0d448945922bf534ace000545f3234', '19132055', 20, 1);
INSERT INTO `stagiaire` (`idStagiaire`, `nom`, `prenom`, `motDePasse`, `numBenef`, `idOffre`, `role`) VALUES(128, 'MURAGLIA', 'THOMAS', 'e939cd399083dd9dab788baa7affd469', '19131359', 20, 1);
INSERT INTO `stagiaire` (`idStagiaire`, `nom`, `prenom`, `motDePasse`, `numBenef`, `idOffre`, `role`) VALUES(129, 'OUTTERYCK', 'LAURENT', '56338093172bdb79d954f400c716a699', '19131345', 20, 1);
INSERT INTO `stagiaire` (`idStagiaire`, `nom`, `prenom`, `motDePasse`, `numBenef`, `idOffre`, `role`) VALUES(130, 'PIERRU', 'MICHAEL', '029c8103461386cd4a61d725f1c81691', '19131328', 20, 1);
INSERT INTO `stagiaire` (`idStagiaire`, `nom`, `prenom`, `motDePasse`, `numBenef`, `idOffre`, `role`) VALUES(131, 'PIETERS', 'PASCAL', '0bdfb95ac52c419c6da14a475fe9a886', '19131317', 20, 1);
INSERT INTO `stagiaire` (`idStagiaire`, `nom`, `prenom`, `motDePasse`, `numBenef`, `idOffre`, `role`) VALUES(132, 'RISCHEBE', 'JOSSELIN', '036e4d0dcf5d56400ce42b625457b2ab', '19131350', 20, 1);
INSERT INTO `stagiaire` (`idStagiaire`, `nom`, `prenom`, `motDePasse`, `numBenef`, `idOffre`, `role`) VALUES(133, 'TALHI', 'DJAMELDINE', '8488714f1c16e699a7a32a9bc8adbb86', '19131321', 20, 1);
INSERT INTO `stagiaire` (`idStagiaire`, `nom`, `prenom`, `motDePasse`, `numBenef`, `idOffre`, `role`) VALUES(134, 'VASSEUR', 'JEROME', '256735b6a478e5bbefd059a3ea5735d4', '19064282', 20, 1);
INSERT INTO `stagiaire` (`idStagiaire`, `nom`, `prenom`, `motDePasse`, `numBenef`, `idOffre`, `role`) VALUES(135, 'BLAVOET', 'JONATHAN', 'c2608bf1f7b752c8ce6606b55fdc3221', '19132301', 8, 1);
INSERT INTO `stagiaire` (`idStagiaire`, `nom`, `prenom`, `motDePasse`, `numBenef`, `idOffre`, `role`) VALUES(136, 'CAPRON', 'FLORENT', '477f80eaca7344a950e81f78c91ac219', '19132304', 8, 1);
INSERT INTO `stagiaire` (`idStagiaire`, `nom`, `prenom`, `motDePasse`, `numBenef`, `idOffre`, `role`) VALUES(137, 'DECROOCQ', 'VALENTIN', 'd610e8f7bec94bdb2e027e755ca005ad', '19132284', 8, 1);
INSERT INTO `stagiaire` (`idStagiaire`, `nom`, `prenom`, `motDePasse`, `numBenef`, `idOffre`, `role`) VALUES(138, 'KOBON', 'YAN', '570f17760dca1f701de7199f6af19621', '19132296', 8, 1);
INSERT INTO `stagiaire` (`idStagiaire`, `nom`, `prenom`, `motDePasse`, `numBenef`, `idOffre`, `role`) VALUES(139, 'NUTER', 'ALBAN', 'f5a76ea23161bec718ff8de32afa05e7', '19132298', 8, 1);
INSERT INTO `stagiaire` (`idStagiaire`, `nom`, `prenom`, `motDePasse`, `numBenef`, `idOffre`, `role`) VALUES(140, 'POLLAERT', 'ENZO', '9c0b6ef71fc5bc11c4426498db5659af', '19139022', 8, 1);
INSERT INTO `stagiaire` (`idStagiaire`, `nom`, `prenom`, `motDePasse`, `numBenef`, `idOffre`, `role`) VALUES(141, 'SACI', 'THEO', 'b88035c16c645918ef9d4cca4921bf5f', '19132303', 8, 1);
INSERT INTO `stagiaire` (`idStagiaire`, `nom`, `prenom`, `motDePasse`, `numBenef`, `idOffre`, `role`) VALUES(142, 'SCHUPPE', 'HUGO', '0833ffad8e1313de7198302efae004a2', '19139012', 8, 1);
INSERT INTO `stagiaire` (`idStagiaire`, `nom`, `prenom`, `motDePasse`, `numBenef`, `idOffre`, `role`) VALUES(143, 'TERNY', 'CAROLINE', 'ed2afb6252305868ffce8bf74644f257', '19132308', 8, 1);
INSERT INTO `stagiaire` (`idStagiaire`, `nom`, `prenom`, `motDePasse`, `numBenef`, `idOffre`, `role`) VALUES(144, 'WILLE', 'SIMON', 'b658be83a115cd9423605912a66735cd', '19132306', 8, 1);
INSERT INTO `stagiaire` (`idStagiaire`, `nom`, `prenom`, `motDePasse`, `numBenef`, `idOffre`, `role`) VALUES(145, 'AGEZ', 'JOHANNA', 'ed87dffd302dbdf843851dba0ad40ef3', '19101750', 13, 1);
INSERT INTO `stagiaire` (`idStagiaire`, `nom`, `prenom`, `motDePasse`, `numBenef`, `idOffre`, `role`) VALUES(146, 'BERTELOOT', 'CHRISTELLE', 'fb1ed0aa2fbff4adf479f48690085577', '19101834', 13, 1);
INSERT INTO `stagiaire` (`idStagiaire`, `nom`, `prenom`, `motDePasse`, `numBenef`, `idOffre`, `role`) VALUES(147, 'BOUTON', 'LUDIVINE', '329cc447a6887c6b449d459c9c37ea2b', '19101840', 13, 1);
INSERT INTO `stagiaire` (`idStagiaire`, `nom`, `prenom`, `motDePasse`, `numBenef`, `idOffre`, `role`) VALUES(148, 'BUNIET', 'AGNES', 'cead5ce19bebc2dbf8fe905b9041fa5d', '19101773', 13, 1);
INSERT INTO `stagiaire` (`idStagiaire`, `nom`, `prenom`, `motDePasse`, `numBenef`, `idOffre`, `role`) VALUES(149, 'CHARLON', 'ANNIE', '3f2808402a11fcd667c43911551b9e2a', '19101855', 13, 1);
INSERT INTO `stagiaire` (`idStagiaire`, `nom`, `prenom`, `motDePasse`, `numBenef`, `idOffre`, `role`) VALUES(150, 'DEMASSIEUX', 'MARIE LOU', '402bed8cb1453227badb24dde400d233', '19101826', 13, 1);
INSERT INTO `stagiaire` (`idStagiaire`, `nom`, `prenom`, `motDePasse`, `numBenef`, `idOffre`, `role`) VALUES(151, 'DENYS', 'LYSIANE', '464f162e2fde30bedbc6b3467b6111bd', '19101843', 13, 1);
INSERT INTO `stagiaire` (`idStagiaire`, `nom`, `prenom`, `motDePasse`, `numBenef`, `idOffre`, `role`) VALUES(152, 'FERYN', 'AURORE', '3f06115b7461af19f86803a87b8d147b', '19101812', 13, 1);
INSERT INTO `stagiaire` (`idStagiaire`, `nom`, `prenom`, `motDePasse`, `numBenef`, `idOffre`, `role`) VALUES(153, 'MAHROUG', 'LAHOUARI', '8751878426968b2ff388d01ff357b08e', '19101783', 13, 1);
INSERT INTO `stagiaire` (`idStagiaire`, `nom`, `prenom`, `motDePasse`, `numBenef`, `idOffre`, `role`) VALUES(154, 'MANCEAU', 'HELENE', '77b8e19b8f276c63f6d7538cc88b27b1', '19101787', 13, 1);
INSERT INTO `stagiaire` (`idStagiaire`, `nom`, `prenom`, `motDePasse`, `numBenef`, `idOffre`, `role`) VALUES(155, 'STROSBERG', 'MARIE PIERRE', '473be7748b8c6dc5fd0f45558efc044b', '19101851', 13, 1);
INSERT INTO `stagiaire` (`idStagiaire`, `nom`, `prenom`, `motDePasse`, `numBenef`, `idOffre`, `role`) VALUES(156, 'VAAST', 'FRANCOISE', '1abc50c1820c5b126aec62766ee3a561', '19101795', 13, 1);
INSERT INTO `stagiaire` (`idStagiaire`, `nom`, `prenom`, `motDePasse`, `numBenef`, `idOffre`, `role`) VALUES(157, 'VINAGRE', 'FREDERIC', '8cf79d4db64b830ed3d0abbd92e758fd', '19101736', 13, 1);
INSERT INTO `stagiaire` (`idStagiaire`, `nom`, `prenom`, `motDePasse`, `numBenef`, `idOffre`, `role`) VALUES(158, 'BOUGEROLLE', 'MAXIME', '1ac81bd26c8bd8c74d4ef8095bc1a4bd', '19116714', 21, 1);
INSERT INTO `stagiaire` (`idStagiaire`, `nom`, `prenom`, `motDePasse`, `numBenef`, `idOffre`, `role`) VALUES(159, 'CATHERINE', 'MARINA', 'c01a36517ac29d64d92ac4a5e562a200', '19114874', 21, 1);
INSERT INTO `stagiaire` (`idStagiaire`, `nom`, `prenom`, `motDePasse`, `numBenef`, `idOffre`, `role`) VALUES(160, 'COULBAUX', 'MELANIE', '228f8de4426543f41877deacac322d57', '19114880', 21, 1);
INSERT INTO `stagiaire` (`idStagiaire`, `nom`, `prenom`, `motDePasse`, `numBenef`, `idOffre`, `role`) VALUES(161, 'LECOMPTE', 'ALICIA', 'e87ace9ce4fe860491ae68834f6f42ac', '19114814', 21, 1);
INSERT INTO `stagiaire` (`idStagiaire`, `nom`, `prenom`, `motDePasse`, `numBenef`, `idOffre`, `role`) VALUES(162, 'LECRAS', 'LAURA', 'afdec873abc7429df11d7a8d0b22b155', '19114834', 21, 1);
INSERT INTO `stagiaire` (`idStagiaire`, `nom`, `prenom`, `motDePasse`, `numBenef`, `idOffre`, `role`) VALUES(163, 'LEMAITRE', 'AUDREY', '54282053695db71b11e4ddb376c4009a', '19114823', 21, 1);
INSERT INTO `stagiaire` (`idStagiaire`, `nom`, `prenom`, `motDePasse`, `numBenef`, `idOffre`, `role`) VALUES(164, 'LEROY', 'BENJAMIN', '04e8cfca2ca800dfbcc130c11d6cd7c0', '19114838', 21, 1);
INSERT INTO `stagiaire` (`idStagiaire`, `nom`, `prenom`, `motDePasse`, `numBenef`, `idOffre`, `role`) VALUES(165, 'LIERE', 'ELISA', 'eff49c6a3f686f4ed54fd2234559ded4', '19114830', 21, 1);
INSERT INTO `stagiaire` (`idStagiaire`, `nom`, `prenom`, `motDePasse`, `numBenef`, `idOffre`, `role`) VALUES(166, 'SAINT MAXIN', 'ANAIS', '040af242677e782d447d5c04c3d8875d', '19114795', 21, 1);
INSERT INTO `stagiaire` (`idStagiaire`, `nom`, `prenom`, `motDePasse`, `numBenef`, `idOffre`, `role`) VALUES(167, 'SCHREVEL', 'ALISON', '233d684a13f2febefee2d0dbb4c18118', '19114835', 21, 1);
INSERT INTO `stagiaire` (`idStagiaire`, `nom`, `prenom`, `motDePasse`, `numBenef`, `idOffre`, `role`) VALUES(168, 'ADNOT', 'ROMAIN', '5158b75e92e6b7c22926a1ad1bfca40c', '19134773', 14, 1);
INSERT INTO `stagiaire` (`idStagiaire`, `nom`, `prenom`, `motDePasse`, `numBenef`, `idOffre`, `role`) VALUES(169, 'BOUZERADE', 'KHADJOU', '9904f0384bbe56cb9b319b46ce91c912', '19129736', 14, 1);
INSERT INTO `stagiaire` (`idStagiaire`, `nom`, `prenom`, `motDePasse`, `numBenef`, `idOffre`, `role`) VALUES(170, 'CHAMSSI ATTOUMANI', 'ROU-OUAT', '8463d8c1bcf4a45a36496c5aa9e3bf8b', '19129842', 14, 1);
INSERT INTO `stagiaire` (`idStagiaire`, `nom`, `prenom`, `motDePasse`, `numBenef`, `idOffre`, `role`) VALUES(171, 'GRASSIN', 'LOUANNE', 'd47313e72fe64139d66da3764c520ea4', '19129715', 14, 1);
INSERT INTO `stagiaire` (`idStagiaire`, `nom`, `prenom`, `motDePasse`, `numBenef`, `idOffre`, `role`) VALUES(172, 'HANNON', 'MARIE', '9520c3cef373b7e36d67e87c6b99ad30', '19137918', 14, 1);
INSERT INTO `stagiaire` (`idStagiaire`, `nom`, `prenom`, `motDePasse`, `numBenef`, `idOffre`, `role`) VALUES(173, 'LAFORCE', 'PALOMA', '421766fd9ffb499163315c6a744caf43', '19129733', 14, 1);
INSERT INTO `stagiaire` (`idStagiaire`, `nom`, `prenom`, `motDePasse`, `numBenef`, `idOffre`, `role`) VALUES(174, 'LEFEBVRE', 'SHANNON', '15cbee490970356dd777588972d39bd7', '19129707', 14, 1);
INSERT INTO `stagiaire` (`idStagiaire`, `nom`, `prenom`, `motDePasse`, `numBenef`, `idOffre`, `role`) VALUES(175, 'LEPLAT', 'ISABELLE', '435744618f78f29a8f63d5c67511b4df', '17012317', 14, 1);
INSERT INTO `stagiaire` (`idStagiaire`, `nom`, `prenom`, `motDePasse`, `numBenef`, `idOffre`, `role`) VALUES(176, 'PROVOU', 'DEBORAH', '456494545cd28cac2fc44bf7a44222d8', '19129812', 14, 1);
INSERT INTO `stagiaire` (`idStagiaire`, `nom`, `prenom`, `motDePasse`, `numBenef`, `idOffre`, `role`) VALUES(177, 'REDONDO', 'OPHELIE', '356fd5d3b784e071a1fc793bb20f64e1', '19129745', 14, 1);
INSERT INTO `stagiaire` (`idStagiaire`, `nom`, `prenom`, `motDePasse`, `numBenef`, `idOffre`, `role`) VALUES(178, 'THOORIS', 'MARIE', '0c1fc21ca1bdf2f56ff16fb0e850028c', '19129727', 14, 1);
INSERT INTO `stagiaire` (`idStagiaire`, `nom`, `prenom`, `motDePasse`, `numBenef`, `idOffre`, `role`) VALUES(179, 'TOUALBIA', 'FIONA', 'a093b4b840681ad3cc055579e2cddba8', '16140554', 14, 1);
INSERT INTO `stagiaire` (`idStagiaire`, `nom`, `prenom`, `motDePasse`, `numBenef`, `idOffre`, `role`) VALUES(180, 'WYBOUW', 'JUSTINE', '880e860cbbf1a1729a94cd61b7ab3310', '19129837', 14, 1);
INSERT INTO `stagiaire` (`idStagiaire`, `nom`, `prenom`, `motDePasse`, `numBenef`, `idOffre`, `role`) VALUES(181, 'GRAIRIAN', 'MERI', '149ae18b10370e6e7e76cecef083ac97', '19133704', 14, 1);
INSERT INTO `stagiaire` (`idStagiaire`, `nom`, `prenom`, `motDePasse`, `numBenef`, `idOffre`, `role`) VALUES(182, 'ROHART', 'CORINNE', '911781f2d636f4a43c262603ebb61d7b', '19139407', 14, 1);
INSERT INTO `stagiaire` (`idStagiaire`, `nom`, `prenom`, `motDePasse`, `numBenef`, `idOffre`, `role`) VALUES(183, 'ARNOUX', 'JUSTIN', '3f44e756b1e8238e20eee2fc2ec5124f', '19129256', 7, 1);
INSERT INTO `stagiaire` (`idStagiaire`, `nom`, `prenom`, `motDePasse`, `numBenef`, `idOffre`, `role`) VALUES(184, 'BEGREM', 'NICOLAS', 'deec522354b28b0bd69b6ed8bce5edb3', '19129277', 7, 1);
INSERT INTO `stagiaire` (`idStagiaire`, `nom`, `prenom`, `motDePasse`, `numBenef`, `idOffre`, `role`) VALUES(185, 'CANDILLIER', 'GEOFFREY', '4a6f53322cd5011e43f06a0072c9c0ea', '19129303', 7, 1);
INSERT INTO `stagiaire` (`idStagiaire`, `nom`, `prenom`, `motDePasse`, `numBenef`, `idOffre`, `role`) VALUES(186, 'CONSIL', 'ANTHONY', '6db451f14876708016fc2073a174a355', '19129273', 7, 1);
INSERT INTO `stagiaire` (`idStagiaire`, `nom`, `prenom`, `motDePasse`, `numBenef`, `idOffre`, `role`) VALUES(187, 'DEKAISER', 'CHRISTOPHE', '748f5ba5f229972b79422089de812022', '19129315', 7, 1);
INSERT INTO `stagiaire` (`idStagiaire`, `nom`, `prenom`, `motDePasse`, `numBenef`, `idOffre`, `role`) VALUES(188, 'FOURNIVAL', 'THIERRY', '9e5d1eef3db8ca7a030d8e7a75f47372', '16176537', 7, 1);
INSERT INTO `stagiaire` (`idStagiaire`, `nom`, `prenom`, `motDePasse`, `numBenef`, `idOffre`, `role`) VALUES(189, 'LENNE', 'JEROME', '2d2e8eada244e5d12b60676ef8438558', '19129280', 7, 1);
INSERT INTO `stagiaire` (`idStagiaire`, `nom`, `prenom`, `motDePasse`, `numBenef`, `idOffre`, `role`) VALUES(190, 'LIBLANC', 'KEVIN', '91f8a536f4abe47a0412a9c14318e265', '19129284', 7, 1);
INSERT INTO `stagiaire` (`idStagiaire`, `nom`, `prenom`, `motDePasse`, `numBenef`, `idOffre`, `role`) VALUES(191, 'MADER', 'QUENTIN', 'c50c5f1318c4bfac6530ced8da6125bb', '19129288', 7, 1);
INSERT INTO `stagiaire` (`idStagiaire`, `nom`, `prenom`, `motDePasse`, `numBenef`, `idOffre`, `role`) VALUES(192, 'NGONGANG', 'AMELIE', 'd93737886fc29b3fcfd9ba9e21951937', '19131203', 7, 1);
INSERT INTO `stagiaire` (`idStagiaire`, `nom`, `prenom`, `motDePasse`, `numBenef`, `idOffre`, `role`) VALUES(193, 'RENAUX', 'GAETAN', '1adcad79e99b38ee9306084460110ddb', '19129268', 7, 1);
INSERT INTO `stagiaire` (`idStagiaire`, `nom`, `prenom`, `motDePasse`, `numBenef`, `idOffre`, `role`) VALUES(194, 'ROCHE', 'MARINE', '10ae027ec58f9a48b817d20d29890e66', '19129005', 7, 1);
INSERT INTO `stagiaire` (`idStagiaire`, `nom`, `prenom`, `motDePasse`, `numBenef`, `idOffre`, `role`) VALUES(195, 'ROUBLIC', 'MICHAEL', '5ea63c48c71d30e11a3f5e71efcbf84d', '19129295', 7, 1);
INSERT INTO `stagiaire` (`idStagiaire`, `nom`, `prenom`, `motDePasse`, `numBenef`, `idOffre`, `role`) VALUES(196, 'SCHMITZ', 'ALEXANDRE', 'fd62074fec8493920cdaefb346e2e8ba', '19129245', 7, 1);
INSERT INTO `stagiaire` (`idStagiaire`, `nom`, `prenom`, `motDePasse`, `numBenef`, `idOffre`, `role`) VALUES(197, 'TERRYN', 'TEDDY', '9ba5c347bda5f6e16d10115b970aa6ed', '19135166', 7, 1);
INSERT INTO `stagiaire` (`idStagiaire`, `nom`, `prenom`, `motDePasse`, `numBenef`, `idOffre`, `role`) VALUES(198, 'TRAPET', 'CORENTIN', 'be8dc6a48a5ff706f594dac0fda264a9', '19129259', 7, 1);
INSERT INTO `stagiaire` (`idStagiaire`, `nom`, `prenom`, `motDePasse`, `numBenef`, `idOffre`, `role`) VALUES(199, 'CHRISTOPHE', 'ALAIN', 'a49da8b5b2f88a739cc421727c94d27d', '16123149', 6, 1);
INSERT INTO `stagiaire` (`idStagiaire`, `nom`, `prenom`, `motDePasse`, `numBenef`, `idOffre`, `role`) VALUES(200, 'DUTAS', 'ALFREDO', 'b84bbe70d12a9906bd214f0871f5a40a', '19130049', 6, 1);
INSERT INTO `stagiaire` (`idStagiaire`, `nom`, `prenom`, `motDePasse`, `numBenef`, `idOffre`, `role`) VALUES(201, 'LAJOUX', 'JULIEN', 'ae209d540586448255bcae0f9e093f5f', '18057086', 6, 1);
INSERT INTO `stagiaire` (`idStagiaire`, `nom`, `prenom`, `motDePasse`, `numBenef`, `idOffre`, `role`) VALUES(202, 'MARTIN', 'NICOLAS', 'fa21edd5cdd0391c29078c09d17f26d9', '19127495', 6, 1);
INSERT INTO `stagiaire` (`idStagiaire`, `nom`, `prenom`, `motDePasse`, `numBenef`, `idOffre`, `role`) VALUES(203, 'VANDOMME', 'ANTHONY', 'c75374da9ef401b57591f134d437ac5f', '19130074', 6, 1);
INSERT INTO `stagiaire` (`idStagiaire`, `nom`, `prenom`, `motDePasse`, `numBenef`, `idOffre`, `role`) VALUES(204, 'ZACCONI', 'ERIC', '39406e2a7f5feb90ca1445460d318ee4', '15114404', 6, 1);
INSERT INTO `stagiaire` (`idStagiaire`, `nom`, `prenom`, `motDePasse`, `numBenef`, `idOffre`, `role`) VALUES(205, 'SZWED', 'MICHEL', '16719ccb3870da1e401f0748da2145de', '19102276', 15, 1);
INSERT INTO `stagiaire` (`idStagiaire`, `nom`, `prenom`, `motDePasse`, `numBenef`, `idOffre`, `role`) VALUES(206, 'DUTOIT', 'TRYSTAN', '356fa668e39eeae31b7eeef81c7b44a4', '19106356', 15, 1);
INSERT INTO `stagiaire` (`idStagiaire`, `nom`, `prenom`, `motDePasse`, `numBenef`, `idOffre`, `role`) VALUES(207, 'TYROU', 'SYLVAIN', '7fb64543f7cb10ca43e33daf7b958964', '19105867', 15, 1);
INSERT INTO `stagiaire` (`idStagiaire`, `nom`, `prenom`, `motDePasse`, `numBenef`, `idOffre`, `role`) VALUES(208, 'HEENDRICKXEN', 'DAVID', '485ba0841e4b4a1446ffb7a865ea2a86', '19105840', 15, 1);
INSERT INTO `stagiaire` (`idStagiaire`, `nom`, `prenom`, `motDePasse`, `numBenef`, `idOffre`, `role`) VALUES(209, 'DUFRESNE', 'LUCAS', '403744edc89d171f13aaf9b2a34c8ac7', '19112111', 17, 1);
INSERT INTO `stagiaire` (`idStagiaire`, `nom`, `prenom`, `motDePasse`, `numBenef`, `idOffre`, `role`) VALUES(210, 'PECQUEUX', 'JOHANN', '0e96ab6277ad87d4acf046df8cfd1996', '19122473', 15, 1);
INSERT INTO `stagiaire` (`idStagiaire`, `nom`, `prenom`, `motDePasse`, `numBenef`, `idOffre`, `role`) VALUES(211, 'ALLOUCHERY', 'ALINE', 'fcef4495f2e05cd11f6371c1facffd87', '20007170', 18, 1);
INSERT INTO `stagiaire` (`idStagiaire`, `nom`, `prenom`, `motDePasse`, `numBenef`, `idOffre`, `role`) VALUES(212, 'GOMAR', 'NADIA', '2bb61d5b46ad8343b69fcd65dd1b2fa8', '20012098', 18, 1);
INSERT INTO `stagiaire` (`idStagiaire`, `nom`, `prenom`, `motDePasse`, `numBenef`, `idOffre`, `role`) VALUES(213, 'PILLET', 'SIMONE', 'e9edc65625e0a9dce241735e18eb52d0', '19046184', 18, 1);
INSERT INTO `stagiaire` (`idStagiaire`, `nom`, `prenom`, `motDePasse`, `numBenef`, `idOffre`, `role`) VALUES(214, 'PRONIER', 'CARINE', '0dbc43c2d096e9c3503bb46809974300', '08145330', 18, 1);
INSERT INTO `stagiaire` (`idStagiaire`, `nom`, `prenom`, `motDePasse`, `numBenef`, `idOffre`, `role`) VALUES(215, 'RYCKEBOSCH', 'CINDY', 'b17b238128c0ab86d430dd0c10e2e6dc', '20007183', 18, 1);
INSERT INTO `stagiaire` (`idStagiaire`, `nom`, `prenom`, `motDePasse`, `numBenef`, `idOffre`, `role`) VALUES(216, 'BADRI', 'HALGORDE', '0e2f03a1cb887f3713fb1911c2219dd3', '20004542', 11, 1);
INSERT INTO `stagiaire` (`idStagiaire`, `nom`, `prenom`, `motDePasse`, `numBenef`, `idOffre`, `role`) VALUES(217, 'DEPREZ', 'MAXENCE', '0ed365eb6408224693b2d46a866baeea', '20004587', 11, 1);
INSERT INTO `stagiaire` (`idStagiaire`, `nom`, `prenom`, `motDePasse`, `numBenef`, `idOffre`, `role`) VALUES(218, 'DUQUENE', 'ROMAIN', 'c9bc807133ab23586089d82f3918b087', '20004585', 11, 1);
INSERT INTO `stagiaire` (`idStagiaire`, `nom`, `prenom`, `motDePasse`, `numBenef`, `idOffre`, `role`) VALUES(219, 'GUILBERT', 'FLORIAN', 'b61223a1b11747cc2d08188c4ff53552', '20004578', 11, 1);
INSERT INTO `stagiaire` (`idStagiaire`, `nom`, `prenom`, `motDePasse`, `numBenef`, `idOffre`, `role`) VALUES(220, 'LIEVIN', 'LAURENT', 'd6bd3a03157d82230fcb64969642fcc8', '20004597', 11, 1);
INSERT INTO `stagiaire` (`idStagiaire`, `nom`, `prenom`, `motDePasse`, `numBenef`, `idOffre`, `role`) VALUES(221, 'MARTEL', 'JOSSELIN', 'b1f371ead3a1c55265da35f4bed49134', '20004557', 11, 1);
INSERT INTO `stagiaire` (`idStagiaire`, `nom`, `prenom`, `motDePasse`, `numBenef`, `idOffre`, `role`) VALUES(222, 'ORGAER', 'PAUL', 'ee89f6625502ac6611f6d58b4f1cce09', '20004553', 11, 1);
INSERT INTO `stagiaire` (`idStagiaire`, `nom`, `prenom`, `motDePasse`, `numBenef`, `idOffre`, `role`) VALUES(223, 'SAILLOT', 'PIERRE', '851223854e81f8fb31989d721b56256d', '20004591', 11, 1);
INSERT INTO `stagiaire` (`idStagiaire`, `nom`, `prenom`, `motDePasse`, `numBenef`, `idOffre`, `role`) VALUES(224, 'TIRMARCHE', 'ALEXIS', '92f34ea843392aeb2f36cc7f12ee5ce9', '20004572', 11, 1);
INSERT INTO `stagiaire` (`idStagiaire`, `nom`, `prenom`, `motDePasse`, `numBenef`, `idOffre`, `role`) VALUES(225, 'ABDALLAH', 'PATRICIA', '3c0457eaf6b3d09f4ba2ec6a8d28332d', '20012481', 16, 1);
INSERT INTO `stagiaire` (`idStagiaire`, `nom`, `prenom`, `motDePasse`, `numBenef`, `idOffre`, `role`) VALUES(226, 'BODO', 'LYSIANE', 'c2e5c078ee297860612b98fc0bb9c9d8', '20012474', 16, 1);
INSERT INTO `stagiaire` (`idStagiaire`, `nom`, `prenom`, `motDePasse`, `numBenef`, `idOffre`, `role`) VALUES(227, 'BONNE', 'PRISCILLA', 'f604e8f4d93fd95f11aac8648d223bf7', '20012472', 16, 1);
INSERT INTO `stagiaire` (`idStagiaire`, `nom`, `prenom`, `motDePasse`, `numBenef`, `idOffre`, `role`) VALUES(228, 'DELACROIX', 'LAETITIA', '2d74c232b59f4af6cd9697a205eef4f4', '20012468', 16, 1);
INSERT INTO `stagiaire` (`idStagiaire`, `nom`, `prenom`, `motDePasse`, `numBenef`, `idOffre`, `role`) VALUES(229, 'VANHOLDERBEKE', 'ISABELLE', 'fdcd716386942e4c57237a89415330c1', '20012480', 16, 1);
INSERT INTO `stagiaire` (`idStagiaire`, `nom`, `prenom`, `motDePasse`, `numBenef`, `idOffre`, `role`) VALUES(230, 'AVADANEI', 'RODICA', '64d8f4a015ae352ade41dafd353a7baa', '20013440', 16, 1);
INSERT INTO `stagiaire` (`idStagiaire`, `nom`, `prenom`, `motDePasse`, `numBenef`, `idOffre`, `role`) VALUES(231, 'BARTHELEMY', 'MELANIE', '2e9fa544408ab5e459adfcb08149f603', '20015538', 16, 1);
INSERT INTO `stagiaire` (`idStagiaire`, `nom`, `prenom`, `motDePasse`, `numBenef`, `idOffre`, `role`) VALUES(232, 'FARIN', 'CHANTAL', '6b43d610529e38a4efbe2610eb2e1da9', '20013798', 16, 1);
INSERT INTO `stagiaire` (`idStagiaire`, `nom`, `prenom`, `motDePasse`, `numBenef`, `idOffre`, `role`) VALUES(233, 'GEERAERT', 'ANNIE', '327984b378bc98ab5947f4287ed061a6', '20013435', 16, 1);
INSERT INTO `stagiaire` (`idStagiaire`, `nom`, `prenom`, `motDePasse`, `numBenef`, `idOffre`, `role`) VALUES(234, 'LANIEZ', 'SYLVIE', 'f3a4fc723d297f599bee16edff6e6bee', '20013449', 16, 1);
INSERT INTO `stagiaire` (`idStagiaire`, `nom`, `prenom`, `motDePasse`, `numBenef`, `idOffre`, `role`) VALUES(235, 'LYSIAK', 'DAVID', '6d1a5823755e2f454f5a9f96648446a0', '20013445', 16, 1);
INSERT INTO `stagiaire` (`idStagiaire`, `nom`, `prenom`, `motDePasse`, `numBenef`, `idOffre`, `role`) VALUES(236, 'MERLIN', 'JEAN-FRANCOIS', '09a5a040d702e937a94724bb7e92c2be', '20016114', 16, 1);
